date	ARs	date
1980-01-12	13.000049999999987	1980-01-12 18:00:00
1980-01-15	6.000949999999989	1980-01-15 00:00:00
1980-01-17	3.0001399999999876	1980-01-17 18:00:00
1980-01-18	10.003600000000006	1980-01-18 18:00:00
1980-01-19	5.003559999999993	1980-01-19 06:00:00
1980-02-01	5.000409999999988	1980-02-01 18:00:00
1980-02-17	5.001479999999987	1980-02-17 18:00:00
1980-02-21	4.000969999999995	1980-02-21 18:00:00
1980-02-23	3.0017799999999966	1980-02-23 18:00:00
1980-03-13	6.001329999999996	1980-03-13 18:00:00
1980-03-14	13.00130999999999	1980-03-14 18:00:00
1980-03-16	9.002700000000004	1980-03-16 18:00:00
1980-03-17	9.001540000000006	1980-03-17 18:00:00
1980-03-18	7.001209999999986	1980-03-18 06:00:00
1980-03-23	12.002669999999995	1980-03-23 06:00:00
1980-11-01	6.000079999999997	1980-11-01 12:00:00
1980-12-19	3.002769999999998	1980-12-19 00:00:00
1980-12-20	4.0019399999999905	1980-12-20 06:00:00
1980-12-22	3.0025699999999915	1980-12-22 18:00:00
1980-12-23	7.001630000000006	1980-12-23 18:00:00
1980-12-24	11.000559999999993	1980-12-24 06:00:00
1980-12-26	5.001919999999998	1980-12-26 18:00:00
1980-12-27	13.001470000000012	1980-12-27 18:00:00
1980-12-28	13.000929999999983	1980-12-28 18:00:00
1981-01-07	6.000290000000007	1981-01-07 18:00:00
1981-01-11	10.001550000000009	1981-01-11 18:00:00
1981-01-12	12.00182000000001	1981-01-12 12:00:00
1981-01-25	7.002260000000007	1981-01-25 18:00:00
1981-01-26	6.001569999999987	1981-01-26 12:00:00
1981-01-27	6.000750000000011	1981-01-27 12:00:00
1981-02-04	4.002219999999994	1981-02-04 18:00:00
1981-02-05	6.002579999999995	1981-02-05 12:00:00
1981-02-06	14.000499999999988	1981-02-06 12:00:00
1981-02-13	6.002350000000007	1981-02-13 18:00:00
1981-02-17	3.0026599999999917	1981-02-17 12:00:00
1981-02-21	7.001329999999996	1981-02-21 00:00:00
1981-02-22	5.000830000000008	1981-02-22 00:00:00
1981-02-24	6.001869999999997	1981-02-24 12:00:00
1981-02-25	6.000499999999988	1981-02-25 18:00:00
1981-02-26	4.000249999999994	1981-02-26 00:00:00
1981-03-18	5.001260000000002	1981-03-18 18:00:00
1981-03-19	8.000779999999992	1981-03-19 06:00:00
1981-03-20	6.002730000000014	1981-03-20 06:00:00
1981-11-04	5.004909999999995	1981-11-04 00:00:00
1981-11-18	4.002919999999989	1981-11-18 18:00:00
1981-11-19	5.0020199999999875	1981-11-19 18:00:00
1981-11-20	3.0008599999999888	1981-11-20 00:00:00
1981-11-22	5.002739999999989	1981-11-22 18:00:00
1981-11-25	6.003969999999995	1981-11-25 06:00:00
1981-11-26	5.002600000000001	1981-11-26 18:00:00
1981-11-27	4.002499999999998	1981-11-27 00:00:00
1981-12-01	11.002839999999992	1981-12-01 12:00:00
1981-12-09	10.002910000000014	1981-12-09 18:00:00
1981-12-10	9.005300000000005	1981-12-10 18:00:00
1981-12-11	5.005520000000004	1981-12-11 18:00:00
1981-12-12	11.001740000000012	1981-12-12 18:00:00
1981-12-13	9.000400000000013	1981-12-13 12:00:00
1981-12-16	4.002260000000007	1981-12-16 18:00:00
1981-12-17	4.003050000000002	1981-12-17 06:00:00
1981-12-18	4.001769999999993	1981-12-18 12:00:00
1982-01-01	13.002389999999991	1982-01-01 06:00:00
1982-01-06	6.001460000000009	1982-01-06 18:00:00
1982-01-10	4.000529999999998	1982-01-10 18:00:00
1982-01-11	5.001380000000012	1982-01-11 12:00:00
1982-01-12	5.001630000000006	1982-01-12 18:00:00
1982-01-17	4.002289999999988	1982-01-17 06:00:00
1982-01-23	5.004529999999988	1982-01-23 00:00:00
1982-01-28	3.0057999999999936	1982-01-28 18:00:00
1982-01-29	3.0033399999999943	1982-01-29 18:00:00
1982-02-15	12.00024000000002	1982-02-15 00:00:00
1982-02-22	3.00218000000001	1982-02-22 00:00:00
1982-02-24	13.001209999999986	1982-02-24 12:00:00
1982-02-26	6.000470000000007	1982-02-26 18:00:00
1982-02-27	5.0024899999999946	1982-02-27 18:00:00
1982-02-28	4.0026399999999995	1982-02-28 06:00:00
1982-03-02	2.0029399999999953	1982-03-02 18:00:00
1982-03-03	5.002769999999998	1982-03-03 06:00:00
1982-03-09	4.00215	1982-03-09 18:00:00
1982-03-10	6.002420000000001	1982-03-10 06:00:00
1982-03-11	4.0029499999999985	1982-03-11 18:00:00
1982-03-12	4.002739999999989	1982-03-12 12:00:00
1982-03-15	6.001260000000002	1982-03-15 18:00:00
1982-03-16	15.000769999999989	1982-03-16 06:00:00
1982-03-17	12.00014999999999	1982-03-17 12:00:00
1982-03-21	4.001779999999997	1982-03-21 18:00:00
1982-03-28	3.0021500000000003	1982-03-28 12:00:00
1982-03-31	6.003159999999994	1982-03-31 18:00:00
1982-11-02	12.002659999999992	1982-11-02 18:00:00
1982-11-03	4.002070000000003	1982-11-03 00:00:00
1982-11-12	9.001869999999997	1982-11-12 06:00:00
1982-11-15	4.00291	1982-11-15 18:00:00
1982-11-16	12.001010000000008	1982-11-16 18:00:00
1982-11-17	5.002099999999999	1982-11-17 18:00:00
1982-11-18	4.001540000000006	1982-11-18 00:00:00
1982-12-02	7.003079999999997	1982-12-02 12:00:00
1982-12-07	6.003109999999992	1982-12-07 06:00:00
1982-12-14	4.001180000000005	1982-12-14 18:00:00
1982-12-15	4.001119999999986	1982-12-15 00:00:00
1982-12-17	14.000229999999988	1982-12-17 18:00:00
1982-12-31	5.000460000000004	1982-12-31 18:00:00
1983-01-04	7.0024899999999946	1983-01-04 18:00:00
1983-01-05	4.003640000000004	1983-01-05 12:00:00
1983-01-23	8.001800000000003	1983-01-23 18:00:00
1983-01-30	8.000720000000001	1983-01-30 18:00:00
1983-02-01	4.002030000000005	1983-02-01 00:00:00
1983-02-03	4.000789999999995	1983-02-03 12:00:00
1983-02-13	8.003320000000002	1983-02-13 06:00:00
1983-02-16	6.001990000000006	1983-02-16 00:00:00
1983-02-17	5.002430000000004	1983-02-17 06:00:00
1983-02-21	5.0001100000000065	1983-02-21 18:00:00
1983-02-22	5.00027	1983-02-22 00:00:00
1983-02-23	3.0021999999999878	1983-02-23 18:00:00
1983-02-24	7.001599999999996	1983-02-24 12:00:00
1983-03-06	4.002029999999991	1983-03-06 18:00:00
1983-03-13	7.000130000000013	1983-03-13 06:00:00
1983-03-17	5.003380000000007	1983-03-17 18:00:00
1983-03-18	7.000370000000004	1983-03-18 18:00:00
1983-03-19	8.002870000000001	1983-03-19 18:00:00
1983-03-20	6.001810000000006	1983-03-20 12:00:00
1983-03-23	8.001280000000008	1983-03-23 00:00:00
1983-03-26	6.00236000000001	1983-03-26 18:00:00
1983-03-27	6.002659999999992	1983-03-27 12:00:00
1983-03-28	2.0090700000000083	1983-03-28 12:00:00
1983-03-31	4.000709999999998	1983-03-31 18:00:00
1983-11-01	2.0010800000000017	1983-11-01 12:00:00
1983-11-02	6.002200000000016	1983-11-02 12:00:00
1983-11-03	4.002409999999998	1983-11-03 12:00:00
1983-11-13	3.0025300000000072	1983-11-13 18:00:00
1983-11-14	11.001589999999993	1983-11-14 18:00:00
1983-11-15	6.001139999999992	1983-11-15 00:00:00
1983-11-27	4.002309999999994	1983-11-27 00:00:00
1983-12-02	6.001820000000009	1983-12-02 18:00:00
1983-12-03	3.0005099999999914	1983-12-03 18:00:00
1983-12-13	7.0005199999999945	1983-12-13 12:00:00
1984-01-19	4.0042899999999975	1984-01-19 18:00:00
1984-01-20	2.0000300000000095	1984-01-20 12:00:00
1984-01-21	6.000589999999988	1984-01-21 18:00:00
1984-01-22	7.000630000000001	1984-01-22 12:00:00
1984-02-07	4.001219999999989	1984-02-07 12:00:00
1984-02-08	14.000280000000004	1984-02-08 18:00:00
1984-02-09	6.00030000000001	1984-02-09 00:00:00
1984-02-13	6.002129999999994	1984-02-13 18:00:00
1984-02-14	5.001650000000012	1984-02-14 18:00:00
1984-02-15	4.002630000000011	1984-02-15 06:00:00
1984-02-16	5.001999999999995	1984-02-16 18:00:00
1984-02-20	5.001589999999993	1984-02-20 18:00:00
1984-02-21	3.0019100000000094	1984-02-21 06:00:00
1984-03-03	3.0009299999999826	1984-03-03 06:00:00
1984-03-09	7.0000499999999874	1984-03-09 06:00:00
1984-03-12	2.001209999999986	1984-03-12 18:00:00
1984-03-13	3.00206	1984-03-13 00:00:00
1984-03-14	4.0022400000000005	1984-03-14 18:00:00
1984-03-15	3.00206	1984-03-15 18:00:00
1984-03-16	14.000879999999995	1984-03-16 18:00:00
1984-03-19	6.0020199999999875	1984-03-19 06:00:00
1984-03-28	4.004109999999997	1984-03-28 12:00:00
1984-03-29	5.003440000000012	1984-03-29 18:00:00
1984-03-30	3.004739999999998	1984-03-30 18:00:00
1984-03-31	3.0046800000000076	1984-03-31 06:00:00
1984-11-06	4.00215	1984-11-06 18:00:00
1984-11-14	5.001820000000009	1984-11-14 18:00:00
1984-11-15	3.0008599999999888	1984-11-15 00:00:00
1984-11-17	2.0031899999999894	1984-11-17 18:00:00
1984-11-25	7.00012000000001	1984-11-25 18:00:00
1984-12-10	8.000310000000013	1984-12-10 18:00:00
1984-12-21	5.000380000000007	1984-12-21 12:00:00
1984-12-22	5.001549999999995	1984-12-22 12:00:00
1984-12-26	6.000879999999995	1984-12-26 18:00:00
1984-12-30	5.000919999999994	1984-12-30 12:00:00
1985-01-02	5.0024600000000135	1985-01-02 12:00:00
1985-01-03	5.002840000000006	1985-01-03 12:00:00
1985-01-06	7.000620000000026	1985-01-06 18:00:00
1985-01-19	5.000540000000001	1985-01-19 18:00:00
1985-01-20	4.000290000000007	1985-01-20 06:00:00
1985-01-22	11.001280000000008	1985-01-22 18:00:00
1985-01-23	4.004320000000007	1985-01-23 00:00:00
1985-01-24	3.0007699999999886	1985-01-24 06:00:00
1985-01-25	4.003479999999996	1985-01-25 18:00:00
1985-01-26	3.001720000000006	1985-01-26 00:00:00
1985-01-27	15.000329999999963	1985-01-27 00:00:00
1985-01-28	12.001290000000012	1985-01-28 12:00:00
1985-01-29	6.000630000000001	1985-01-29 06:00:00
1985-01-31	9.00415000000001	1985-01-31 18:00:00
1985-02-01	10.003529999999998	1985-02-01 06:00:00
1985-02-06	17.001029999999986	1985-02-06 18:00:00
1985-02-10	4.0017	1985-02-10 12:00:00
1985-02-13	12.000859999999989	1985-02-13 06:00:00
1985-02-15	8.001419999999996	1985-02-15 12:00:00
1985-02-21	4.002510000000001	1985-02-21 12:00:00
1985-02-25	6.002129999999994	1985-02-25 12:00:00
1985-03-07	5.000059999999991	1985-03-07 18:00:00
1985-03-08	12.003449999999987	1985-03-08 18:00:00
1985-03-09	12.000439999999998	1985-03-09 12:00:00
1985-03-23	4.00245000000001	1985-03-23 18:00:00
1985-03-24	3.0013999999999896	1985-03-24 18:00:00
1985-11-22	4.004800000000003	1985-11-22 12:00:00
1985-11-27	14.001180000000005	1985-11-27 06:00:00
1985-11-30	3.002139999999997	1985-11-30 18:00:00
1985-12-01	4.001209999999986	1985-12-01 18:00:00
1985-12-09	3.001640000000009	1985-12-09 18:00:00
1985-12-16	4.002890000000008	1985-12-16 12:00:00
1985-12-17	2.0017400000000123	1985-12-17 18:00:00
1985-12-21	5.002859999999998	1985-12-21 12:00:00
1985-12-22	10.001350000000002	1985-12-22 18:00:00
1985-12-28	4.002829999999989	1985-12-28 18:00:00
1986-01-16	5.002350000000007	1986-01-16 18:00:00
1986-01-17	4.001440000000002	1986-01-17 18:00:00
1986-01-25	4.002129999999994	1986-01-25 06:00:00
1986-01-28	4.002769999999998	1986-01-28 18:00:00
1986-02-02	6.0001100000000065	1986-02-02 06:00:00
1986-02-04	4.002600000000001	1986-02-04 06:00:00
1986-02-08	4.002440000000007	1986-02-08 18:00:00
1986-02-12	5.003449999999987	1986-02-12 18:00:00
1986-02-13	5.000130000000013	1986-02-13 12:00:00
1986-02-17	5.004140000000007	1986-02-17 00:00:00
1986-02-20	7.002479999999991	1986-02-20 18:00:00
1986-03-07	13.000959999999992	1986-03-07 12:00:00
1986-03-10	13.002990000000011	1986-03-10 18:00:00
1986-03-11	5.003289999999993	1986-03-11 18:00:00
1986-03-12	4.000769999999989	1986-03-12 06:00:00
1986-03-21	9.002849999999995	1986-03-21 18:00:00
1986-03-22	7.002669999999995	1986-03-22 00:00:00
1986-03-25	4.002820000000014	1986-03-25 12:00:00
1986-03-27	6.002049999999997	1986-03-27 12:00:00
1986-11-01	4.000280000000004	1986-11-01 06:00:00
1986-11-03	13.000549999999976	1986-11-03 18:00:00
1986-11-11	5.000779999999963	1986-11-11 12:00:00
1986-11-29	4.000059999999991	1986-11-29 18:00:00
1986-11-30	3.000169999999997	1986-11-30 00:00:00
1986-12-12	3.000850000000014	1986-12-12 18:00:00
1986-12-13	4.001239999999996	1986-12-13 00:00:00
1986-12-19	3.0008200000000045	1986-12-19 12:00:00
1986-12-26	2.003620000000012	1986-12-26 18:00:00
1986-12-27	4.000949999999989	1986-12-27 18:00:00
1986-12-31	4.002510000000001	1986-12-31 18:00:00
1987-01-02	4.001249999999999	1987-01-02 12:00:00
1987-01-03	14.000689999999992	1987-01-03 00:00:00
1987-01-19	4.0015300000000025	1987-01-19 18:00:00
1987-01-20	4.001779999999997	1987-01-20 18:00:00
1987-01-21	3.0000499999999874	1987-01-21 00:00:00
1987-02-09	2.0000200000000063	1987-02-09 18:00:00
1987-02-10	3.000079999999997	1987-02-10 00:00:00
1987-02-14	3.004310000000004	1987-02-14 18:00:00
1987-02-15	2.0040400000000034	1987-02-15 00:00:00
1987-02-16	4.001550000000009	1987-02-16 18:00:00
1987-02-17	3.001170000000002	1987-02-17 18:00:00
1987-02-18	2.002139999999997	1987-02-18 00:00:00
1987-02-23	10.003510000000006	1987-02-23 00:00:00
1987-02-25	7.0018599999999935	1987-02-25 18:00:00
1987-02-26	7.001730000000009	1987-02-26 18:00:00
1987-02-28	4.001689999999996	1987-02-28 18:00:00
1987-03-01	6.000779999999992	1987-03-01 18:00:00
1987-03-10	4.002020000000002	1987-03-10 06:00:00
1987-03-21	2.004870000000011	1987-03-21 06:00:00
1987-03-22	6.002279999999985	1987-03-22 18:00:00
1987-03-23	5.002170000000007	1987-03-23 18:00:00
1987-03-27	6.001930000000016	1987-03-27 12:00:00
1987-03-31	7.001830000000012	1987-03-31 06:00:00
1987-11-01	13.001419999999996	1987-11-01 06:00:00
1987-11-02	6.000609999999995	1987-11-02 18:00:00
1987-11-05	5.002739999999989	1987-11-05 18:00:00
1987-11-06	2.0013999999999896	1987-11-06 18:00:00
1987-11-11	15.001270000000005	1987-11-11 18:00:00
1987-11-12	4.001839999999987	1987-11-12 00:00:00
1987-11-13	12.002409999999998	1987-11-13 12:00:00
1987-11-14	5.001380000000012	1987-11-14 06:00:00
1987-11-15	13.000529999999998	1987-11-15 18:00:00
1987-11-19	4.003719999999987	1987-11-19 18:00:00
1987-11-20	7.003520000000009	1987-11-20 00:00:00
1987-11-23	10.001440000000002	1987-11-23 18:00:00
1987-11-24	11.000580000000014	1987-11-24 18:00:00
1987-12-03	8.002370000000013	1987-12-03 12:00:00
1987-12-04	4.003399999999999	1987-12-04 12:00:00
1987-12-05	5.001900000000006	1987-12-05 18:00:00
1987-12-06	4.00157999999999	1987-12-06 06:00:00
1987-12-07	2.0010599999999954	1987-12-07 06:00:00
1987-12-22	3.0033400000000086	1987-12-22 18:00:00
1987-12-23	3.001170000000002	1987-12-23 18:00:00
1987-12-24	7.001640000000009	1987-12-24 06:00:00
1987-12-30	6.0001700000000255	1987-12-30 18:00:00
1988-01-04	8.003799999999998	1988-01-04 12:00:00
1988-01-05	6.0016099999999994	1988-01-05 06:00:00
1988-01-30	4.002170000000007	1988-01-30 18:00:00
1988-01-31	5.001830000000012	1988-01-31 12:00:00
1988-02-07	5.001560000000012	1988-02-07 12:00:00
1988-02-09	2.0029399999999953	1988-02-09 12:00:00
1988-02-10	9.003299999999996	1988-02-10 18:00:00
1988-02-12	3.00157999999999	1988-02-12 12:00:00
1988-02-13	4.0009299999999826	1988-02-13 12:00:00
1988-02-20	6.001640000000009	1988-02-20 18:00:00
1988-02-21	7.0019399999999905	1988-02-21 18:00:00
1988-02-23	7.002890000000008	1988-02-23 18:00:00
1988-02-24	6.002640000000014	1988-02-24 00:00:00
1988-03-07	8.002839999999992	1988-03-07 18:00:00
1988-03-08	4.003050000000002	1988-03-08 18:00:00
1988-03-09	13.000490000000013	1988-03-09 00:00:00
1988-03-11	6.002829999999989	1988-03-11 06:00:00
1988-03-14	4.003469999999993	1988-03-14 12:00:00
1988-03-15	6.002690000000001	1988-03-15 12:00:00
1988-03-16	6.000739999999951	1988-03-16 06:00:00
1988-03-17	8.001229999999993	1988-03-17 18:00:00
1988-03-18	6.000949999999989	1988-03-18 00:00:00
1988-03-29	11.000460000000004	1988-03-29 12:00:00
1988-11-10	7.000079999999997	1988-11-10 18:00:00
1988-11-15	3.0000200000000063	1988-11-15 12:00:00
1988-11-17	2.003389999999996	1988-11-17 00:00:00
1988-12-14	7.004369999999994	1988-12-14 18:00:00
1988-12-16	6.00206	1988-12-16 18:00:00
1988-12-17	6.001190000000008	1988-12-17 00:00:00
1988-12-29	12.000400000000013	1988-12-29 18:00:00
1988-12-30	6.002600000000001	1988-12-30 06:00:00
1988-12-31	4.001329999999996	1988-12-31 12:00:00
1989-01-01	3.0017400000000123	1989-01-01 00:00:00
1989-01-31	7.000079999999997	1989-01-31 18:00:00
1989-02-10	5.001550000000009	1989-02-10 18:00:00
1989-02-11	7.0013899999999865	1989-02-11 00:00:00
1989-02-19	12.001059999999995	1989-02-19 18:00:00
1989-02-21	6.0004399999999976	1989-02-21 12:00:00
1989-02-22	5.000560000000007	1989-02-22 18:00:00
1989-02-23	14.000020000000006	1989-02-23 18:00:00
1989-02-24	6.0006600000000105	1989-02-24 06:00:00
1989-02-25	5.00209000000001	1989-02-25 18:00:00
1989-02-26	3.0022500000000036	1989-02-26 00:00:00
1989-02-27	5.001710000000003	1989-02-27 18:00:00
1989-03-01	11.00112999999999	1989-03-01 18:00:00
1989-03-02	5.002470000000002	1989-03-02 06:00:00
1989-03-03	12.001050000000006	1989-03-03 06:00:00
1989-03-05	6.000730000000004	1989-03-05 18:00:00
1989-03-06	5.000619999999998	1989-03-06 00:00:00
1989-03-14	4.002330000000001	1989-03-14 06:00:00
1989-03-18	7.002520000000004	1989-03-18 18:00:00
1989-03-24	4.003809999999987	1989-03-24 06:00:00
1989-03-27	6.000460000000004	1989-03-27 06:00:00
1989-11-01	5.002970000000005	1989-11-01 12:00:00
1989-11-03	5.0014500000000055	1989-11-03 18:00:00
1989-11-04	13.000509999999991	1989-11-04 12:00:00
1989-11-12	4.00175999999999	1989-11-12 18:00:00
1989-11-13	3.001180000000005	1989-11-13 06:00:00
1989-11-27	2.001100000000008	1989-11-27 06:00:00
1989-11-28	4.000059999999991	1989-11-28 18:00:00
1989-11-29	4.000409999999988	1989-11-29 06:00:00
1989-12-08	12.000280000000004	1989-12-08 12:00:00
1990-01-09	2.002469999999988	1990-01-09 06:00:00
1990-01-10	6.000239999999991	1990-01-10 12:00:00
1990-01-11	5.000059999999991	1990-01-11 06:00:00
1990-01-23	2.0000200000000063	1990-01-23 06:00:00
1990-02-04	3.0037599999999998	1990-02-04 18:00:00
1990-02-05	5.001090000000005	1990-02-05 18:00:00
1990-02-06	7.001519999999999	1990-02-06 18:00:00
1990-02-08	4.00148999999999	1990-02-08 12:00:00
1990-02-10	4.003810000000001	1990-02-10 12:00:00
1990-02-15	12.002380000000002	1990-02-15 18:00:00
1990-02-18	6.0013899999999865	1990-02-18 18:00:00
1990-02-21	6.000499999999988	1990-02-21 18:00:00
1990-02-25	6.000589999999988	1990-02-25 06:00:00
1990-02-27	6.002219999999994	1990-02-27 12:00:00
1990-03-05	7.001589999999993	1990-03-05 18:00:00
1990-03-06	8.001200000000011	1990-03-06 18:00:00
1990-03-07	6.003050000000002	1990-03-07 00:00:00
1990-03-08	4.001290000000012	1990-03-08 06:00:00
1990-03-10	6.001869999999997	1990-03-10 18:00:00
1990-03-11	7.001170000000002	1990-03-11 06:00:00
1990-03-16	4.003910000000005	1990-03-16 18:00:00
1990-03-19	3.001550000000009	1990-03-19 18:00:00
1990-03-20	5.0006799999999885	1990-03-20 06:00:00
1990-03-29	17.00341000000003	1990-03-29 12:00:00
1990-11-05	6.001730000000009	1990-11-05 18:00:00
1990-11-06	4.0005999999999915	1990-11-06 00:00:00
1990-11-10	7.001769999999993	1990-11-10 18:00:00
1990-11-13	6.002890000000008	1990-11-13 12:00:00
1990-11-14	5.000769999999989	1990-11-14 06:00:00
1990-11-20	4.005760000000009	1990-11-20 06:00:00
1990-11-25	5.004610000000014	1990-11-25 18:00:00
1990-11-26	4.004809999999992	1990-11-26 06:00:00
1990-12-10	10.003060000000005	1990-12-10 12:00:00
1990-12-15	6.0024600000000135	1990-12-15 12:00:00
1990-12-27	12.003129999999999	1990-12-27 18:00:00
1991-01-03	6.001029999999986	1991-01-03 18:00:00
1991-01-07	7.001239999999996	1991-01-07 18:00:00
1991-01-09	3.0018699999999967	1991-01-09 18:00:00
1991-01-10	2.0025699999999915	1991-01-10 00:00:00
1991-01-11	3.002769999999998	1991-01-11 18:00:00
1991-01-12	4.001320000000007	1991-01-12 18:00:00
1991-01-27	5.003379999999993	1991-01-27 18:00:00
1991-01-28	6.00227000000001	1991-01-28 12:00:00
1991-01-30	6.0020000000000095	1991-01-30 06:00:00
1991-02-03	11.001080000000002	1991-02-03 18:00:00
1991-02-11	2.001039999999989	1991-02-11 18:00:00
1991-02-12	11.001159999999999	1991-02-12 06:00:00
1991-02-16	12.00188	1991-02-16 18:00:00
1991-02-17	7.001990000000006	1991-02-17 18:00:00
1991-02-18	16.000799999999998	1991-02-18 18:00:00
1991-03-09	6.002420000000001	1991-03-09 12:00:00
1991-03-27	5.002810000000011	1991-03-27 06:00:00
1991-11-02	5.001499999999993	1991-11-02 00:00:00
1991-11-04	6.0007400000000075	1991-11-04 00:00:00
1991-11-06	6.001749999999987	1991-11-06 18:00:00
1991-11-07	3.0009299999999968	1991-11-07 12:00:00
1991-11-10	5.001900000000006	1991-11-10 18:00:00
1991-11-11	12.000609999999995	1991-11-11 18:00:00
1991-11-12	11.00039000000001	1991-11-12 00:00:00
1991-11-13	5.000799999999998	1991-11-13 06:00:00
1991-11-21	4.0055499999999995	1991-11-21 06:00:00
1991-12-01	4.000059999999991	1991-12-01 06:00:00
1991-12-02	6.000010000000003	1991-12-02 18:00:00
1991-12-05	6.000560000000007	1991-12-05 18:00:00
1991-12-06	14.001659999999987	1991-12-06 06:00:00
1991-12-13	5.000280000000004	1991-12-13 06:00:00
1991-12-14	5.00009	1991-12-14 12:00:00
1992-01-01	12.000969999999995	1992-01-01 18:00:00
1992-01-02	14.001119999999986	1992-01-02 18:00:00
1992-01-03	10.000820000000004	1992-01-03 00:00:00
1992-01-05	16.001100000000008	1992-01-05 12:00:00
1992-01-14	5.002749999999992	1992-01-14 12:00:00
1992-01-15	8.003249999999994	1992-01-15 18:00:00
1992-01-22	4.002709999999993	1992-01-22 18:00:00
1992-01-23	5.003150000000005	1992-01-23 18:00:00
1992-01-24	6.001440000000002	1992-01-24 12:00:00
1992-01-29	9.001170000000002	1992-01-29 18:00:00
1992-01-30	6.000830000000008	1992-01-30 06:00:00
1992-02-01	5.0024899999999946	1992-02-01 18:00:00
1992-02-02	6.002170000000007	1992-02-02 00:00:00
1992-02-03	12.002819999999986	1992-02-03 06:00:00
1992-02-06	8.001809999999978	1992-02-06 12:00:00
1992-02-18	7.003080000000011	1992-02-18 18:00:00
1992-02-19	5.006239999999991	1992-02-19 18:00:00
1992-02-20	6.003440000000012	1992-02-20 06:00:00
1992-02-21	14.00173000000001	1992-02-21 06:00:00
1992-03-03	6.001010000000008	1992-03-03 06:00:00
1992-03-04	6.005359999999996	1992-03-04 06:00:00
1992-03-31	5.002919999999989	1992-03-31 12:00:00
1992-11-04	5.0034299999999945	1992-11-04 12:00:00
1992-11-05	7.00367	1992-11-05 18:00:00
1992-11-13	5.000609999999995	1992-11-13 12:00:00
1992-11-14	7.000409999999988	1992-11-14 18:00:00
1992-11-15	4.004220000000004	1992-11-15 18:00:00
1992-11-16	3.0044299999999993	1992-11-16 18:00:00
1992-11-17	3.003060000000005	1992-11-17 06:00:00
1992-11-22	12.00048000000001	1992-11-22 18:00:00
1992-11-23	8.000259999999997	1992-11-23 00:00:00
1992-11-24	4.003659999999996	1992-11-24 18:00:00
1992-11-25	13.002880000000005	1992-11-25 12:00:00
1992-11-26	4.003410000000002	1992-11-26 18:00:00
1992-11-27	7.002900000000011	1992-11-27 18:00:00
1992-12-01	6.0025699999999915	1992-12-01 18:00:00
1992-12-02	5.002600000000001	1992-12-02 18:00:00
1992-12-03	15.000220000000013	1992-12-03 06:00:00
1992-12-04	4.000360000000001	1992-12-04 18:00:00
1992-12-08	4.000490000000013	1992-12-08 12:00:00
1992-12-17	5.000589999999988	1992-12-17 12:00:00
1992-12-18	5.000979999999998	1992-12-18 18:00:00
1992-12-19	8.000930000000011	1992-12-19 18:00:00
1992-12-22	2.0017699999999934	1992-12-22 18:00:00
1992-12-23	5.000580000000014	1992-12-23 12:00:00
1992-12-24	3.002829999999989	1992-12-24 18:00:00
1992-12-25	5.000699999999995	1992-12-25 18:00:00
1992-12-26	6.001740000000012	1992-12-26 18:00:00
1993-01-04	6.000370000000004	1993-01-04 18:00:00
1993-01-05	5.000299999999996	1993-01-05 12:00:00
1993-01-06	6.00012000000001	1993-01-06 06:00:00
1993-02-07	8.001720000000006	1993-02-07 18:00:00
1993-02-08	7.001239999999996	1993-02-08 00:00:00
1993-02-11	4.001039999999989	1993-02-11 06:00:00
1993-02-25	4.001010000000008	1993-02-25 18:00:00
1993-02-26	14.000959999999992	1993-02-26 12:00:00
1993-03-01	7.001569999999987	1993-03-01 12:00:00
1993-03-02	5.001440000000002	1993-03-02 18:00:00
1993-03-03	12.003039999999999	1993-03-03 12:00:00
1993-03-04	5.0029499999999985	1993-03-04 12:00:00
1993-03-05	4.005120000000005	1993-03-05 06:00:00
1993-03-06	3.004959999999997	1993-03-06 12:00:00
1993-03-09	3.00039000000001	1993-03-09 18:00:00
1993-03-27	5.000139999999988	1993-03-27 18:00:00
1993-11-06	7.000930000000011	1993-11-06 18:00:00
1993-11-07	5.000010000000003	1993-11-07 18:00:00
1993-11-08	10.001000000000005	1993-11-08 18:00:00
1993-11-10	12.002080000000007	1993-11-10 18:00:00
1993-11-11	4.0006799999999885	1993-11-11 18:00:00
1993-11-12	12.000409999999988	1993-11-12 00:00:00
1993-11-17	5.0024899999999946	1993-11-17 18:00:00
1993-11-18	7.002039999999994	1993-11-18 12:00:00
1993-11-23	8.00412	1993-11-23 18:00:00
1993-11-24	4.003269999999986	1993-11-24 18:00:00
1993-11-25	6.002260000000007	1993-11-25 18:00:00
1993-11-27	5.001460000000009	1993-11-27 18:00:00
1993-11-28	12.00045	1993-11-28 18:00:00
1993-11-29	11.000380000000007	1993-11-29 00:00:00
1993-12-20	4.002409999999998	1993-12-20 12:00:00
1993-12-22	14.001260000000002	1993-12-22 18:00:00
1993-12-23	13.000859999999989	1993-12-23 00:00:00
1994-01-01	5.002919999999989	1994-01-01 18:00:00
1994-01-02	5.002839999999992	1994-01-02 06:00:00
1994-01-09	6.002269999999996	1994-01-09 06:00:00
1994-01-14	5.000010000000003	1994-01-14 06:00:00
1994-01-17	7.001900000000006	1994-01-17 18:00:00
1994-01-18	7.002170000000007	1994-01-18 18:00:00
1994-01-19	4.0015300000000025	1994-01-19 06:00:00
1994-01-20	4.000220000000013	1994-01-20 18:00:00
1994-01-29	3.00175999999999	1994-01-29 18:00:00
1994-01-30	2.0020900000000097	1994-01-30 06:00:00
1994-02-05	5.001029999999986	1994-02-05 12:00:00
1994-02-07	3.0004299999999944	1994-02-07 06:00:00
1994-02-12	3.002510000000001	1994-02-12 18:00:00
1994-02-13	8.002399999999994	1994-02-13 18:00:00
1994-02-14	3.001350000000002	1994-02-14 06:00:00
1994-02-25	5.003870000000006	1994-02-25 18:00:00
1994-03-04	4.003179999999986	1994-03-04 18:00:00
1994-03-05	4.002990000000011	1994-03-05 18:00:00
1994-03-13	2.0053900000000056	1994-03-13 12:00:00
1994-03-14	7.004940000000005	1994-03-14 06:00:00
1994-03-15	4.002939999999995	1994-03-15 00:00:00
1994-03-16	8.002700000000004	1994-03-16 18:00:00
1994-03-17	4.0025699999999915	1994-03-17 06:00:00
1994-11-05	9.000040000000013	1994-11-05 12:00:00
1994-11-06	6.000699999999995	1994-11-06 18:00:00
1994-11-09	7.001989999999978	1994-11-09 18:00:00
1994-11-11	6.001769999999993	1994-11-11 12:00:00
1994-11-19	5.002260000000007	1994-11-19 18:00:00
1994-11-20	6.000810000000001	1994-11-20 12:00:00
1994-11-21	11.00206	1994-11-21 06:00:00
1994-11-22	8.000640000000004	1994-11-22 18:00:00
1994-11-23	16.00048000000001	1994-11-23 06:00:00
1994-12-12	11.001029999999986	1994-12-12 06:00:00
1994-12-18	4.00157999999999	1994-12-18 00:00:00
1994-12-31	12.001440000000002	1994-12-31 18:00:00
1995-01-08	5.0000300000000095	1995-01-08 00:00:00
1995-01-10	5.0007400000000075	1995-01-10 06:00:00
1995-01-11	5.00030000000001	1995-01-11 00:00:00
1995-01-18	2.0019299999999873	1995-01-18 18:00:00
1995-01-19	5.001980000000003	1995-01-19 06:00:00
1995-01-21	4.002780000000001	1995-01-21 12:00:00
1995-01-23	4.003299999999996	1995-01-23 18:00:00
1995-01-24	5.004799999999989	1995-01-24 06:00:00
1995-01-25	4.002039999999994	1995-01-25 18:00:00
1995-01-26	13.000460000000004	1995-01-26 12:00:00
1995-01-30	3.0013699999999943	1995-01-30 18:00:00
1995-01-31	6.002970000000005	1995-01-31 12:00:00
1995-02-01	3.0035799999999995	1995-02-01 18:00:00
1995-02-07	4.002219999999994	1995-02-07 06:00:00
1995-02-08	4.0020000000000095	1995-02-08 18:00:00
1995-02-09	2.001810000000006	1995-02-09 12:00:00
1995-02-10	4.00367	1995-02-10 18:00:00
1995-02-11	8.003050000000002	1995-02-11 18:00:00
1995-02-12	5.002610000000004	1995-02-12 00:00:00
1995-02-24	3.0008300000000077	1995-02-24 18:00:00
1995-02-28	5.002319999999997	1995-02-28 18:00:00
1995-03-01	12.001370000000009	1995-03-01 18:00:00
1995-03-02	12.001039999999989	1995-03-02 06:00:00
1995-03-05	4.000850000000014	1995-03-05 12:00:00
1995-03-12	5.002890000000008	1995-03-12 18:00:00
1995-03-13	7.0020099999999985	1995-03-13 12:00:00
1995-03-14	4.0008200000000045	1995-03-14 00:00:00
1995-03-18	10.002990000000011	1995-03-18 18:00:00
1995-03-26	8.003009999999989	1995-03-26 18:00:00
1995-11-12	15.00139999999999	1995-11-12 18:00:00
1995-11-13	3.000850000000014	1995-11-13 00:00:00
1995-11-14	5.0033499999999975	1995-11-14 12:00:00
1995-11-18	4.00209000000001	1995-11-18 00:00:00
1995-11-19	7.000699999999995	1995-11-19 18:00:00
1995-11-20	8.00060000000002	1995-11-20 00:00:00
1995-11-21	10.000969999999995	1995-11-21 18:00:00
1995-12-12	6.000239999999991	1995-12-12 18:00:00
1995-12-13	3.004480000000001	1995-12-13 00:00:00
1995-12-16	5.003289999999993	1995-12-16 12:00:00
1995-12-26	5.000580000000014	1995-12-26 18:00:00
1995-12-27	3.0028700000000015	1995-12-27 18:00:00
1996-01-01	3.0014400000000023	1996-01-01 00:00:00
1996-01-15	5.001869999999997	1996-01-15 18:00:00
1996-01-16	3.0011399999999924	1996-01-16 00:00:00
1996-01-17	1.0012199999999893	1996-01-17 18:00:00
1996-01-18	3.001129999999989	1996-01-18 00:00:00
1996-01-19	3.002100000000013	1996-01-19 18:00:00
1996-01-20	5.002049999999997	1996-01-20 00:00:00
1996-01-23	2.001180000000005	1996-01-23 00:00:00
1996-01-26	5.00027	1996-01-26 18:00:00
1996-01-27	8.000139999999988	1996-01-27 12:00:00
1996-02-02	6.001440000000002	1996-02-02 18:00:00
1996-02-04	4.0001100000000065	1996-02-04 06:00:00
1996-02-05	8.000010000000003	1996-02-05 06:00:00
1996-02-08	4.000339999999994	1996-02-08 18:00:00
1996-02-16	3.0018499999999904	1996-02-16 18:00:00
1996-02-17	4.002610000000004	1996-02-17 00:00:00
1996-02-18	5.002900000000011	1996-02-18 18:00:00
1996-02-19	5.002589999999998	1996-02-19 12:00:00
1996-02-21	7.001810000000006	1996-02-21 00:00:00
1996-02-29	6.002330000000001	1996-02-29 06:00:00
1996-03-03	4.001239999999996	1996-03-03 18:00:00
1996-03-04	3.0020900000000097	1996-03-04 18:00:00
1996-03-05	13.002299999999991	1996-03-05 06:00:00
1996-03-06	4.000760000000014	1996-03-06 18:00:00
1996-03-07	13.000139999999988	1996-03-07 18:00:00
1996-03-08	4.0000499999999874	1996-03-08 00:00:00
1996-03-09	5.0020800000000065	1996-03-09 18:00:00
1996-03-10	6.002129999999994	1996-03-10 06:00:00
1996-03-18	12.001710000000003	1996-03-18 18:00:00
1996-03-19	14.001900000000006	1996-03-19 18:00:00
1996-03-20	11.00075000000001	1996-03-20 06:00:00
1996-11-01	5.001020000000011	1996-11-01 00:00:00
1996-11-03	4.001470000000012	1996-11-03 12:00:00
1996-11-04	3.0030399999999986	1996-11-04 12:00:00
1996-11-07	10.000519999999995	1996-11-07 00:00:00
1996-11-10	6.001039999999989	1996-11-10 00:00:00
1996-11-16	6.002379999999988	1996-11-16 18:00:00
1996-11-19	7.002880000000005	1996-11-19 00:00:00
1996-11-24	5.000079999999997	1996-11-24 18:00:00
1996-11-25	6.000040000000013	1996-11-25 12:00:00
1996-11-26	13.000290000000007	1996-11-26 12:00:00
1996-12-05	4.001479999999987	1996-12-05 18:00:00
1996-12-06	4.000720000000001	1996-12-06 12:00:00
1996-12-07	4.0006699999999995	1996-12-07 06:00:00
1996-12-08	4.002900000000011	1996-12-08 18:00:00
1996-12-20	5.000490000000013	1996-12-20 00:00:00
1996-12-21	7.001350000000002	1996-12-21 18:00:00
1996-12-22	6.001559999999998	1996-12-22 18:00:00
1996-12-23	5.000609999999995	1996-12-23 06:00:00
1996-12-24	4.001859999999965	1996-12-24 18:00:00
1996-12-25	10.002650000000003	1996-12-25 06:00:00
1997-01-10	3.0019400000000047	1997-01-10 06:00:00
1997-01-11	3.0003499999999974	1997-01-11 18:00:00
1997-01-12	4.000460000000004	1997-01-12 12:00:00
1997-01-14	4.001419999999996	1997-01-14 18:00:00
1997-01-15	4.000930000000011	1997-01-15 00:00:00
1997-01-19	14.000159999999994	1997-01-19 18:00:00
1997-01-20	13.000079999999997	1997-01-20 00:00:00
1997-01-21	5.002859999999998	1997-01-21 12:00:00
1997-01-22	4.002009999999984	1997-01-22 18:00:00
1997-01-23	5.002319999999997	1997-01-23 00:00:00
1997-02-11	2.0015400000000056	1997-02-11 06:00:00
1997-02-12	3.001890000000003	1997-02-12 00:00:00
1997-02-28	6.0014500000000055	1997-02-28 18:00:00
1997-03-01	6.001039999999989	1997-03-01 18:00:00
1997-03-02	6.003109999999992	1997-03-02 06:00:00
1997-03-03	4.001830000000012	1997-03-03 18:00:00
1997-03-04	4.001010000000008	1997-03-04 00:00:00
1997-03-05	12.001260000000002	1997-03-05 06:00:00
1997-03-09	5.002630000000011	1997-03-09 18:00:00
1997-03-13	5.004300000000001	1997-03-13 12:00:00
1997-03-14	3.004099999999994	1997-03-14 00:00:00
1997-03-15	4.0040500000000065	1997-03-15 12:00:00
1997-03-17	4.003749999999997	1997-03-17 12:00:00
1997-03-27	4.001350000000002	1997-03-27 06:00:00
1997-03-28	7.004250000000013	1997-03-28 18:00:00
1997-03-29	11.00379000000001	1997-03-29 18:00:00
1997-11-03	14.002070000000003	1997-11-03 06:00:00
1997-11-27	7.001689999999996	1997-11-27 06:00:00
1997-12-31	6.002340000000004	1997-12-31 18:00:00
1998-01-01	7.002379999999988	1998-01-01 06:00:00
1998-01-02	7.00157999999999	1998-01-02 18:00:00
1998-01-10	3.0031299999999987	1998-01-10 18:00:00
1998-01-11	6.002910000000014	1998-01-11 18:00:00
1998-01-12	11.002510000000001	1998-01-12 06:00:00
1998-01-13	3.0024999999999977	1998-01-13 12:00:00
1998-01-14	7.000290000000007	1998-01-14 18:00:00
1998-01-15	8.000280000000004	1998-01-15 00:00:00
1998-01-18	5.002510000000001	1998-01-18 06:00:00
1998-02-03	9.001139999999992	1998-02-03 18:00:00
1998-02-04	12.000490000000013	1998-02-04 00:00:00
1998-02-09	2.0015999999999963	1998-02-09 18:00:00
1998-02-10	2.0014600000000087	1998-02-10 06:00:00
1998-02-15	5.003929999999997	1998-02-15 18:00:00
1998-02-16	5.0042100000000005	1998-02-16 12:00:00
1998-02-21	7.001920000000013	1998-02-21 18:00:00
1998-02-22	6.000910000000005	1998-02-22 00:00:00
1998-03-03	2.0020100000000127	1998-03-03 18:00:00
1998-03-10	3.004070000000013	1998-03-10 12:00:00
1998-03-13	7.000609999999995	1998-03-13 18:00:00
1998-03-14	4.001200000000011	1998-03-14 18:00:00
1998-03-15	6.003160000000008	1998-03-15 18:00:00
1998-03-16	7.002730000000014	1998-03-16 18:00:00
1998-03-17	5.002309999999994	1998-03-17 18:00:00
1998-03-18	6.0020800000000065	1998-03-18 06:00:00
1998-03-24	7.001319999999993	1998-03-24 18:00:00
1998-11-02	5.001170000000002	1998-11-02 18:00:00
1998-11-03	4.000789999999995	1998-11-03 00:00:00
1998-11-11	6.0020000000000095	1998-11-11 12:00:00
1998-11-12	5.001239999999996	1998-11-12 00:00:00
1998-11-17	1.002929999999992	1998-11-17 18:00:00
1998-11-22	5.001589999999993	1998-11-22 00:00:00
1998-11-27	5.000509999999991	1998-11-27 06:00:00
1998-12-09	11.000020000000006	1998-12-09 12:00:00
1998-12-10	5.0001900000000035	1998-12-10 18:00:00
1998-12-11	5.00009	1998-12-11 06:00:00
1998-12-15	9.002399999999994	1998-12-15 12:00:00
1998-12-17	10.00215	1998-12-17 12:00:00
1999-01-01	2.0001200000000097	1999-01-01 18:00:00
1999-01-02	6.000079999999997	1999-01-02 18:00:00
1999-01-09	4.002759999999995	1999-01-09 18:00:00
1999-01-10	5.002559999999988	1999-01-10 12:00:00
1999-01-11	7.001059999999995	1999-01-11 18:00:00
1999-01-12	2.0005899999999883	1999-01-12 00:00:00
1999-01-16	5.004729999999995	1999-01-16 18:00:00
1999-01-17	7.003119999999996	1999-01-17 06:00:00
1999-01-23	4.000339999999994	1999-01-23 18:00:00
1999-02-11	4.001409999999993	1999-02-11 18:00:00
1999-02-12	3.0011599999999987	1999-02-12 00:00:00
1999-02-21	4.003150000000005	1999-02-21 18:00:00
1999-02-22	4.002530000000007	1999-02-22 18:00:00
1999-02-24	5.002250000000004	1999-02-24 18:00:00
1999-02-25	4.002520000000004	1999-02-25 06:00:00
1999-02-27	7.0006600000000105	1999-02-27 18:00:00
1999-03-02	10.00152	1999-03-02 00:00:00
1999-03-07	5.001260000000002	1999-03-07 06:00:00
1999-03-13	4.000910000000005	1999-03-13 18:00:00
1999-03-14	11.000580000000014	1999-03-14 06:00:00
1999-03-17	4.001329999999996	1999-03-17 18:00:00
1999-03-18	5.001659999999987	1999-03-18 18:00:00
1999-03-19	5.000560000000007	1999-03-19 18:00:00
1999-03-20	10.000139999999988	1999-03-20 18:00:00
1999-03-21	3.0008899999999983	1999-03-21 00:00:00
1999-03-24	4.002340000000004	1999-03-24 12:00:00
1999-03-30	5.003230000000002	1999-03-30 18:00:00
1999-03-31	2.0030999999999892	1999-03-31 00:00:00
1999-11-08	3.000540000000001	1999-11-08 12:00:00
1999-11-12	5.002630000000011	1999-11-12 18:00:00
1999-11-13	6.002409999999998	1999-11-13 18:00:00
1999-11-14	6.002510000000001	1999-11-14 00:00:00
1999-11-16	4.001760000000004	1999-11-16 18:00:00
1999-11-17	2.0013600000000054	1999-11-17 00:00:00
1999-11-18	6.001650000000012	1999-11-18 12:00:00
1999-11-19	5.001620000000003	1999-11-19 18:00:00
1999-11-21	16.001119999999986	1999-11-21 06:00:00
1999-11-23	7.0012299999999925	1999-11-23 00:00:00
1999-11-29	8.003520000000009	1999-11-29 06:00:00
1999-11-30	10.003330000000005	1999-11-30 12:00:00
1999-12-05	2.0021500000000003	1999-12-05 06:00:00
1999-12-08	3.0017100000000028	1999-12-08 12:00:00
1999-12-10	2.001350000000002	1999-12-10 18:00:00
1999-12-13	4.001299999999986	1999-12-13 06:00:00
1999-12-26	5.0016099999999994	1999-12-26 12:00:00
1999-12-27	5.001839999999987	1999-12-27 18:00:00
1999-12-28	16.000429999999994	1999-12-28 18:00:00
1999-12-29	11.000440000000026	1999-12-29 12:00:00
2000-01-24	7.0024600000000135	2000-01-24 18:00:00
2000-01-25	7.001639999999952	2000-01-25 06:00:00
2000-01-26	13.001530000000002	2000-01-26 18:00:00
2000-01-27	12.000850000000014	2000-01-27 06:00:00
2000-02-03	6.002170000000007	2000-02-03 18:00:00
2000-02-04	5.00027	2000-02-04 06:00:00
2000-02-09	8.001200000000011	2000-02-09 18:00:00
2000-02-13	8.003350000000012	2000-02-13 18:00:00
2000-02-15	8.001229999999964	2000-02-15 18:00:00
2000-02-16	2.003320000000002	2000-02-16 18:00:00
2000-02-17	5.001110000000011	2000-02-17 18:00:00
2000-02-18	9.00372999999999	2000-02-18 18:00:00
2000-02-19	10.003530000000012	2000-02-19 18:00:00
2000-02-20	5.003150000000005	2000-02-20 00:00:00
2000-03-01	11.001959999999997	2000-03-01 18:00:00
2000-03-02	4.001409999999993	2000-03-02 18:00:00
2000-03-03	11.000310000000013	2000-03-03 12:00:00
2000-03-08	4.001850000000005	2000-03-08 18:00:00
2000-03-09	4.0013099999999895	2000-03-09 00:00:00
2000-03-10	7.002379999999988	2000-03-10 12:00:00
2000-03-11	3.0004299999999944	2000-03-11 18:00:00
2000-03-14	13.001350000000002	2000-03-14 18:00:00
2000-03-15	15.001119999999986	2000-03-15 12:00:00
2000-03-16	12.002110000000002	2000-03-16 18:00:00
2000-03-17	12.001479999999987	2000-03-17 06:00:00
2000-03-22	2.001800000000003	2000-03-22 18:00:00
2000-03-23	4.001959999999997	2000-03-23 12:00:00
2000-11-03	3.0010000000000048	2000-11-03 18:00:00
2000-11-06	5.001020000000011	2000-11-06 00:00:00
2000-11-12	5.002659999999992	2000-11-12 18:00:00
2000-11-13	4.002530000000007	2000-11-13 00:00:00
2000-12-16	11.000049999999987	2000-12-16 18:00:00
2000-12-17	12.000209999999996	2000-12-17 00:00:00
2000-12-26	9.002319999999997	2000-12-26 12:00:00
2000-12-27	4.001470000000012	2000-12-27 06:00:00
2001-01-23	7.000540000000001	2001-01-23 06:00:00
2001-01-30	3.002520000000004	2001-01-30 06:00:00
2001-02-03	12.00211999999999	2001-02-03 18:00:00
2001-02-04	5.002430000000004	2001-02-04 18:00:00
2001-02-05	7.00206	2001-02-05 12:00:00
2001-02-11	6.0000499999999874	2001-02-11 18:00:00
2001-02-12	6.0000499999999874	2001-02-12 00:00:00
2001-02-14	5.001749999999987	2001-02-14 06:00:00
2001-02-20	6.001720000000006	2001-02-20 18:00:00
2001-02-21	4.002070000000003	2001-02-21 18:00:00
2001-02-26	4.002290000000002	2001-02-26 06:00:00
2001-02-27	7.00030000000001	2001-02-27 06:00:00
2001-03-14	7.000360000000001	2001-03-14 06:00:00
2001-03-15	5.003520000000009	2001-03-15 18:00:00
2001-03-16	8.00345999999999	2001-03-16 12:00:00
2001-03-22	6.001360000000005	2001-03-22 00:00:00
2001-03-25	6.000349999999997	2001-03-25 06:00:00
2001-03-26	13.002440000000007	2001-03-26 12:00:00
2001-03-27	4.0019399999999905	2001-03-27 00:00:00
2001-03-28	5.003890000000013	2001-03-28 12:00:00
2001-11-02	3.002839999999992	2001-11-02 00:00:00
2001-11-10	4.003829999999994	2001-11-10 18:00:00
2001-11-12	6.001460000000009	2001-11-12 12:00:00
2001-11-15	4.000429999999994	2001-11-15 06:00:00
2001-11-16	3.000709999999998	2001-11-16 18:00:00
2001-11-17	3.001890000000003	2001-11-17 18:00:00
2001-11-27	6.002260000000007	2001-11-27 06:00:00
2001-11-29	4.003430000000009	2001-11-29 06:00:00
2001-12-02	3.002999999999986	2001-12-02 18:00:00
2001-12-03	3.0028800000000047	2001-12-03 12:00:00
2001-12-04	6.001599999999996	2001-12-04 00:00:00
2001-12-08	5.002610000000004	2001-12-08 06:00:00
2001-12-12	7.003299999999996	2001-12-12 18:00:00
2001-12-13	7.003330000000005	2001-12-13 18:00:00
2001-12-14	15.00211999999999	2001-12-14 18:00:00
2001-12-15	5.002049999999997	2001-12-15 18:00:00
2001-12-16	4.001239999999996	2001-12-16 00:00:00
2001-12-29	12.001090000000005	2001-12-29 12:00:00
2002-01-01	8.000999999999976	2002-01-01 18:00:00
2002-01-02	4.000589999999988	2002-01-02 00:00:00
2002-01-08	7.002139999999997	2002-01-08 00:00:00
2002-01-12	3.00175999999999	2002-01-12 12:00:00
2002-01-17	11.002970000000005	2002-01-17 06:00:00
2002-01-19	8.00388000000001	2002-01-19 18:00:00
2002-01-20	5.003309999999999	2002-01-20 12:00:00
2002-01-23	7.001830000000012	2002-01-23 18:00:00
2002-01-25	13.001260000000002	2002-01-25 06:00:00
2002-02-01	4.000810000000001	2002-02-01 18:00:00
2002-02-07	6.001460000000009	2002-02-07 18:00:00
2002-02-08	4.001749999999987	2002-02-08 18:00:00
2002-02-11	8.00096000000002	2002-02-11 18:00:00
2002-02-17	5.007149999999996	2002-02-17 18:00:00
2002-02-18	5.004369999999994	2002-02-18 00:00:00
2002-02-19	3.0040500000000065	2002-02-19 18:00:00
2002-02-20	4.00376	2002-02-20 18:00:00
2002-02-25	4.004509999999996	2002-02-25 06:00:00
2002-02-26	4.000670000000014	2002-02-26 18:00:00
2002-02-27	7.00009	2002-02-27 06:00:00
2002-03-15	7.003109999999992	2002-03-15 18:00:00
2002-03-21	12.00152	2002-03-21 18:00:00
2002-03-22	9.00143	2002-03-22 00:00:00
2002-03-30	7.002309999999994	2002-03-30 18:00:00
2002-03-31	9.001540000000006	2002-03-31 12:00:00
2002-11-05	4.002610000000004	2002-11-05 06:00:00
2002-11-09	4.000869999999992	2002-11-09 06:00:00
2002-12-02	4.000020000000006	2002-12-02 12:00:00
2002-12-07	3.003320000000002	2002-12-07 18:00:00
2002-12-08	7.003099999999989	2002-12-08 18:00:00
2002-12-10	4.004400000000004	2002-12-10 18:00:00
2002-12-11	4.000959999999992	2002-12-11 06:00:00
2002-12-13	4.003289999999993	2002-12-13 18:00:00
2002-12-14	3.0029799999999938	2002-12-14 00:00:00
2003-01-11	3.0030500000000018	2003-01-11 18:00:00
2003-01-12	6.0005199999999945	2003-01-12 12:00:00
2003-01-24	6.000130000000013	2003-01-24 18:00:00
2003-01-25	6.000200000000007	2003-01-25 12:00:00
2003-01-27	5.000059999999991	2003-01-27 12:00:00
2003-02-07	7.001890000000003	2003-02-07 18:00:00
2003-02-08	6.001980000000003	2003-02-08 00:00:00
2003-02-11	3.0010699999999986	2003-02-11 06:00:00
2003-02-15	13.002379999999988	2003-02-15 18:00:00
2003-02-16	4.001810000000006	2003-02-16 00:00:00
2003-02-20	3.00333999999998	2003-02-20 06:00:00
2003-02-25	6.002070000000003	2003-02-25 12:00:00
2003-02-27	6.000159999999994	2003-02-27 12:00:00
2003-03-06	4.00345999999999	2003-03-06 06:00:00
2003-03-23	5.002669999999995	2003-03-23 12:00:00
2003-03-24	2.001329999999996	2003-03-24 18:00:00
2003-03-25	5.000969999999995	2003-03-25 06:00:00
2003-03-28	7.002659999999992	2003-03-28 18:00:00
2003-03-29	4.001599999999996	2003-03-29 18:00:00
2003-03-30	15.001509999999996	2003-03-30 18:00:00
2003-03-31	14.001270000000005	2003-03-31 00:00:00
2003-11-03	5.001470000000012	2003-11-03 18:00:00
2003-11-04	3.001429999999999	2003-11-04 00:00:00
2003-11-26	5.001749999999987	2003-11-26 18:00:00
2003-11-27	4.001810000000006	2003-11-27 00:00:00
2003-12-25	9.001569999999987	2003-12-25 18:00:00
2003-12-31	7.000020000000006	2003-12-31 06:00:00
2004-01-08	4.00209000000001	2004-01-08 12:00:00
2004-01-19	2.0032799999999895	2004-01-19 12:00:00
2004-01-23	4.004450000000006	2004-01-23 18:00:00
2004-01-24	5.004140000000007	2004-01-24 00:00:00
2004-02-08	5.002340000000004	2004-02-08 18:00:00
2004-02-13	4.0013899999999865	2004-02-13 18:00:00
2004-02-14	4.001190000000008	2004-02-14 00:00:00
2004-02-19	3.0032500000000084	2004-02-19 12:00:00
2004-02-27	15.00005999999999	2004-02-27 18:00:00
2004-03-04	6.0005199999999945	2004-03-04 12:00:00
2004-03-10	4.003070000000008	2004-03-10 18:00:00
2004-03-11	4.002129999999994	2004-03-11 12:00:00
2004-03-12	12.002280000000013	2004-03-12 18:00:00
2004-03-13	5.002190000000013	2004-03-13 18:00:00
2004-03-14	5.000709999999998	2004-03-14 00:00:00
2004-03-17	5.001540000000006	2004-03-17 18:00:00
2004-03-18	5.000850000000014	2004-03-18 12:00:00
2004-11-03	6.003170000000011	2004-11-03 06:00:00
2004-11-06	6.001460000000009	2004-11-06 00:00:00
2004-11-09	7.002440000000007	2004-11-09 18:00:00
2004-11-10	6.002420000000001	2004-11-10 00:00:00
2004-11-14	12.000529999999998	2004-11-14 00:00:00
2004-11-16	3.0018200000000093	2004-11-16 18:00:00
2004-11-17	5.002129999999994	2004-11-17 18:00:00
2004-11-18	4.002820000000014	2004-11-18 18:00:00
2004-11-21	13.00390999999999	2004-11-21 18:00:00
2004-11-22	4.003269999999986	2004-11-22 18:00:00
2004-11-23	13.000479999999982	2004-11-23 12:00:00
2004-11-30	6.000349999999997	2004-11-30 18:00:00
2004-12-01	1.001890000000003	2004-12-01 00:00:00
2004-12-03	2.0020900000000097	2004-12-03 00:00:00
2004-12-09	5.001290000000012	2004-12-09 00:00:00
2004-12-10	4.001659999999987	2004-12-10 00:00:00
2004-12-25	2.001419999999996	2004-12-25 18:00:00
2004-12-26	5.0009600000000205	2004-12-26 06:00:00
2004-12-27	13.001640000000009	2004-12-27 18:00:00
2004-12-28	14.001249999999999	2004-12-28 18:00:00
2004-12-30	14.000409999999988	2004-12-30 18:00:00
2005-01-03	13.002569999999992	2005-01-03 18:00:00
2005-01-04	8.002010000000013	2005-01-04 18:00:00
2005-01-05	3.0027800000000013	2005-01-05 00:00:00
2005-01-20	13.001209999999986	2005-01-20 12:00:00
2005-02-04	14.004670000000004	2005-02-04 18:00:00
2005-02-08	5.001730000000009	2005-02-08 06:00:00
2005-02-09	5.005899999999997	2005-02-09 12:00:00
2005-02-10	8.001239999999996	2005-02-10 18:00:00
2005-02-11	9.000789999999995	2005-02-11 18:00:00
2005-02-12	7.003089999999986	2005-02-12 18:00:00
2005-02-13	6.001200000000011	2005-02-13 06:00:00
2005-02-14	6.001959999999997	2005-02-14 18:00:00
2005-02-15	8.00161	2005-02-15 12:00:00
2005-02-16	13.00233	2005-02-16 18:00:00
2005-02-17	9.001350000000002	2005-02-17 06:00:00
2005-02-20	6.001810000000006	2005-02-20 18:00:00
2005-02-21	4.00245000000001	2005-02-21 06:00:00
2005-02-23	2.0001900000000035	2005-02-23 18:00:00
2005-02-28	5.0022400000000005	2005-02-28 00:00:00
2005-03-01	6.001900000000006	2005-03-01 18:00:00
2005-03-02	5.0034200000000055	2005-03-02 18:00:00
2005-03-08	11.003250000000008	2005-03-08 00:00:00
2005-03-19	7.0000499999999874	2005-03-19 06:00:00
2005-03-20	4.000419999999991	2005-03-20 00:00:00
2005-03-21	13.000519999999995	2005-03-21 18:00:00
2005-03-23	4.001630000000006	2005-03-23 00:00:00
2005-03-27	6.001339999999999	2005-03-27 18:00:00
2005-03-28	14.000249999999994	2005-03-28 18:00:00
2005-03-30	5.001769999999993	2005-03-30 18:00:00
2005-03-31	5.000589999999988	2005-03-31 06:00:00
2005-11-05	3.004410000000007	2005-11-05 18:00:00
2005-11-06	4.002769999999998	2005-11-06 18:00:00
2005-11-09	5.001720000000006	2005-11-09 06:00:00
2005-11-10	6.004680000000008	2005-11-10 06:00:00
2005-11-14	12.00166999999999	2005-11-14 18:00:00
2005-11-19	5.001040000000003	2005-11-19 06:00:00
2005-11-21	6.001740000000041	2005-11-21 18:00:00
2005-11-22	6.001689999999996	2005-11-22 00:00:00
2005-11-30	4.003900000000002	2005-11-30 18:00:00
2005-12-01	4.003559999999993	2005-12-01 00:00:00
2005-12-12	5.001650000000041	2005-12-12 18:00:00
2005-12-25	14.000039999999998	2005-12-25 06:00:00
2005-12-27	5.000310000000013	2005-12-27 12:00:00
2005-12-30	4.000789999999995	2005-12-30 18:00:00
2006-01-04	4.003510000000006	2006-01-04 06:00:00
2006-01-05	12.000589999999988	2006-01-05 00:00:00
2006-01-17	4.002980000000008	2006-01-17 18:00:00
2006-01-18	4.003099999999989	2006-01-18 18:00:00
2006-01-21	3.002280000000013	2006-01-21 18:00:00
2006-01-22	5.0013099999999895	2006-01-22 12:00:00
2006-01-23	4.001249999999999	2006-01-23 06:00:00
2006-01-28	8.002209999999991	2006-01-28 18:00:00
2006-01-29	5.001720000000006	2006-01-29 06:00:00
2006-02-07	7.0013099999999895	2006-02-07 18:00:00
2006-02-08	4.0007400000000075	2006-02-08 18:00:00
2006-02-09	7.000550000000004	2006-02-09 18:00:00
2006-02-11	5.000670000000014	2006-02-11 18:00:00
2006-02-12	6.000760000000014	2006-02-12 00:00:00
2006-02-21	5.004079999999988	2006-02-21 18:00:00
2006-02-22	5.004159999999999	2006-02-22 12:00:00
2006-02-23	3.003929999999997	2006-02-23 00:00:00
2006-02-27	9.001810000000006	2006-02-27 18:00:00
2006-02-28	12.002839999999992	2006-02-28 12:00:00
2006-03-02	11.001560000000012	2006-03-02 18:00:00
2006-03-03	6.001280000000008	2006-03-03 06:00:00
2006-03-05	2.002289999999988	2006-03-05 18:00:00
2006-03-07	5.0045399999999916	2006-03-07 12:00:00
2006-03-08	6.0006799999999885	2006-03-08 00:00:00
2006-03-10	7.002980000000008	2006-03-10 18:00:00
2006-03-13	11.000589999999988	2006-03-13 06:00:00
2006-03-16	3.004310000000004	2006-03-16 18:00:00
2006-03-17	3.001810000000006	2006-03-17 12:00:00
2006-03-20	5.0021600000000035	2006-03-20 18:00:00
2006-03-21	4.001810000000006	2006-03-21 00:00:00
2006-03-22	7.000959999999992	2006-03-22 18:00:00
2006-03-24	9.00272000000001	2006-03-24 12:00:00
2006-03-28	6.00218000000001	2006-03-28 18:00:00
2006-03-29	4.002070000000003	2006-03-29 00:00:00
2006-03-30	9.003299999999996	2006-03-30 18:00:00
2006-03-31	13.000130000000013	2006-03-31 12:00:00
2006-11-11	4.002579999999995	2006-11-11 18:00:00
2006-11-12	6.000779999999992	2006-11-12 12:00:00
2006-11-26	6.001219999999989	2006-11-26 18:00:00
2006-11-27	4.000010000000003	2006-11-27 00:00:00
2006-12-03	10.001380000000012	2006-12-03 18:00:00
2006-12-04	5.001110000000011	2006-12-04 18:00:00
2006-12-09	8.001270000000005	2006-12-09 06:00:00
2006-12-16	2.0021500000000003	2006-12-16 00:00:00
2006-12-26	7.002810000000011	2006-12-26 12:00:00
2006-12-29	11.00245000000001	2006-12-29 12:00:00
2007-01-05	12.002259999999978	2007-01-05 12:00:00
2007-01-09	6.0001100000000065	2007-01-09 00:00:00
2007-01-17	5.002190000000013	2007-01-17 18:00:00
2007-01-18	3.0020800000000065	2007-01-18 00:00:00
2007-01-24	3.002690000000001	2007-01-24 18:00:00
2007-02-06	10.002479999999991	2007-02-06 18:00:00
2007-02-07	9.003350000000012	2007-02-07 18:00:00
2007-02-08	12.00421	2007-02-08 12:00:00
2007-02-12	3.0019299999999873	2007-02-12 12:00:00
2007-03-17	6.000799999999998	2007-03-17 00:00:00
2007-03-18	5.002299999999991	2007-03-18 18:00:00
2007-03-19	3.001419999999996	2007-03-19 00:00:00
2007-03-21	6.00254000000001	2007-03-21 06:00:00
2007-03-27	6.000319999999988	2007-03-27 06:00:00
2007-11-23	5.004239999999996	2007-11-23 18:00:00
2007-11-24	2.00218000000001	2007-11-24 00:00:00
2007-11-30	9.000670000000014	2007-11-30 12:00:00
2007-12-01	4.00227000000001	2007-12-01 18:00:00
2007-12-02	2.000460000000004	2007-12-02 06:00:00
2007-12-06	4.00206	2007-12-06 12:00:00
2007-12-08	15.00215	2007-12-08 00:00:00
2007-12-16	4.0017	2007-12-16 18:00:00
2007-12-19	5.00012000000001	2007-12-19 18:00:00
2007-12-20	5.000200000000007	2007-12-20 06:00:00
2007-12-28	3.0025400000000104	2007-12-28 18:00:00
2007-12-29	5.000020000000006	2007-12-29 12:00:00
2008-01-19	6.001599999999996	2008-01-19 18:00:00
2008-01-20	5.001560000000012	2008-01-20 12:00:00
2008-01-21	4.002260000000007	2008-01-21 06:00:00
2008-01-22	5.0018599999999935	2008-01-22 18:00:00
2008-01-23	6.001159999999999	2008-01-23 06:00:00
2008-01-25	6.002659999999992	2008-01-25 18:00:00
2008-01-26	7.000810000000001	2008-01-26 06:00:00
2008-02-11	4.00245000000001	2008-02-11 18:00:00
2008-02-15	6.001090000000005	2008-02-15 18:00:00
2008-02-16	6.001980000000003	2008-02-16 18:00:00
2008-02-17	6.000750000000011	2008-02-17 00:00:00
2008-02-19	5.002300000000005	2008-02-19 12:00:00
2008-02-23	5.00197	2008-02-23 06:00:00
2008-02-24	6.001350000000002	2008-02-24 18:00:00
2008-02-26	5.002840000000006	2008-02-26 06:00:00
2008-02-28	14.000249999999994	2008-02-28 18:00:00
2008-03-01	5.001180000000005	2008-03-01 12:00:00
2008-03-02	4.000239999999991	2008-03-02 06:00:00
2008-03-04	5.001569999999987	2008-03-04 18:00:00
2008-03-05	5.001550000000009	2008-03-05 12:00:00
2008-03-06	4.0024899999999946	2008-03-06 12:00:00
2008-03-17	12.0017	2008-03-17 18:00:00
2008-03-24	5.000959999999964	2008-03-24 12:00:00
2008-03-31	6.0034200000000055	2008-03-31 18:00:00
2008-11-17	10.001450000000006	2008-11-17 12:00:00
2008-11-18	3.0024799999999914	2008-11-18 12:00:00
2008-11-19	6.0022400000000005	2008-11-19 18:00:00
2008-11-20	6.0019300000000015	2008-11-20 12:00:00
2008-11-21	4.004590000000007	2008-11-21 18:00:00
2008-11-25	2.001209999999986	2008-11-25 12:00:00
2008-11-26	4.002499999999998	2008-11-26 18:00:00
2008-11-30	5.0018599999999935	2008-11-30 18:00:00
2008-12-01	5.001640000000009	2008-12-01 00:00:00
2008-12-02	4.003890000000013	2008-12-02 18:00:00
2008-12-03	4.003870000000006	2008-12-03 18:00:00
2008-12-11	4.002900000000011	2008-12-11 18:00:00
2008-12-18	4.001470000000012	2008-12-18 18:00:00
2008-12-19	8.001049999999992	2008-12-19 12:00:00
2008-12-23	6.003620000000012	2008-12-23 12:00:00
2008-12-27	5.003150000000005	2008-12-27 18:00:00
2009-01-04	5.000100000000003	2009-01-04 18:00:00
2009-01-12	12.001110000000011	2009-01-12 18:00:00
2009-01-13	4.002199999999988	2009-01-13 18:00:00
2009-01-27	4.003469999999993	2009-01-27 06:00:00
2009-01-28	2.0031099999999924	2009-01-28 06:00:00
2009-02-08	7.000169999999997	2009-02-08 18:00:00
2009-02-09	13.000170000000026	2009-02-09 00:00:00
2009-02-16	11.000959999999964	2009-02-16 18:00:00
2009-02-17	3.0035000000000025	2009-02-17 00:00:00
2009-03-05	15.001749999999987	2009-03-05 12:00:00
2009-03-07	6.000030000000038	2009-03-07 18:00:00
2009-03-08	5.002990000000011	2009-03-08 18:00:00
2009-03-09	2.003060000000005	2009-03-09 06:00:00
2009-03-14	4.001869999999997	2009-03-14 18:00:00
2009-03-16	14.000249999999994	2009-03-16 12:00:00
2009-03-19	3.0006799999999885	2009-03-19 18:00:00
2009-03-20	5.00030000000001	2009-03-20 12:00:00
2009-03-22	10.000640000000004	2009-03-22 18:00:00
2009-03-23	3.002759999999995	2009-03-23 12:00:00
2009-03-28	3.003150000000005	2009-03-28 18:00:00
2009-03-29	8.00327999999999	2009-03-29 06:00:00
2009-11-12	4.002530000000007	2009-11-12 18:00:00
2009-11-13	5.002859999999998	2009-11-13 06:00:00
2009-11-27	10.001560000000012	2009-11-27 12:00:00
2009-11-30	9.002460000000013	2009-11-30 18:00:00
2009-12-01	14.00245000000001	2009-12-01 06:00:00
2009-12-12	10.001450000000006	2009-12-12 18:00:00
2009-12-13	3.001100000000008	2009-12-13 18:00:00
2009-12-15	6.002600000000001	2009-12-15 18:00:00
2009-12-16	5.00209000000001	2009-12-16 18:00:00
2009-12-19	4.0014500000000055	2009-12-19 18:00:00
2010-01-12	6.000460000000004	2010-01-12 18:00:00
2010-01-23	6.0020199999999875	2010-01-23 12:00:00
2010-02-05	4.001289999999997	2010-02-05 06:00:00
2010-02-09	12.002919999999989	2010-02-09 06:00:00
2010-02-10	8.002080000000007	2010-02-10 12:00:00
2010-02-22	5.000020000000006	2010-02-22 06:00:00
2010-02-24	9.00209000000001	2010-02-24 00:00:00
2010-02-25	6.002999999999986	2010-02-25 18:00:00
2010-03-03	4.00069000000002	2010-03-03 06:00:00
2010-03-06	7.000979999999998	2010-03-06 18:00:00
2010-03-07	5.002179999999996	2010-03-07 06:00:00
2010-03-08	4.003269999999986	2010-03-08 12:00:00
2010-03-16	5.001300000000015	2010-03-16 06:00:00
2010-03-19	4.003809999999987	2010-03-19 18:00:00
2010-03-20	5.003890000000013	2010-03-20 12:00:00
2010-03-31	11.001710000000003	2010-03-31 00:00:00
2010-11-02	5.001460000000009	2010-11-02 12:00:00
2010-11-03	6.000959999999992	2010-11-03 18:00:00
2010-11-04	8.000589999999988	2010-11-04 06:00:00
2010-11-06	4.000560000000007	2010-11-06 18:00:00
2010-11-10	5.002610000000004	2010-11-10 12:00:00
2010-11-11	9.001239999999996	2010-11-11 18:00:00
2010-11-12	5.000419999999991	2010-11-12 06:00:00
2010-11-14	3.0046199999999885	2010-11-14 00:00:00
2010-11-15	4.001029999999986	2010-11-15 06:00:00
2010-11-16	5.000910000000005	2010-11-16 18:00:00
2010-11-17	5.001329999999996	2010-11-17 00:00:00
2010-11-21	5.002759999999995	2010-11-21 12:00:00
2010-12-24	5.003960000000006	2010-12-24 06:00:00
2010-12-27	15.000120000000038	2010-12-27 12:00:00
2010-12-29	3.0005899999999883	2010-12-29 12:00:00
2010-12-30	6.00148999999999	2010-12-30 06:00:00
2011-01-14	13.00188	2011-01-14 18:00:00
2011-01-15	10.001599999999996	2011-01-15 00:00:00
2011-01-29	15.000290000000007	2011-01-29 18:00:00
2011-02-04	10.003330000000005	2011-02-04 12:00:00
2011-02-13	12.001280000000008	2011-02-13 18:00:00
2011-02-14	6.0009000000000015	2011-02-14 12:00:00
2011-02-18	5.001440000000002	2011-02-18 18:00:00
2011-02-19	4.002520000000004	2011-02-19 18:00:00
2011-02-20	11.000910000000005	2011-02-20 18:00:00
2011-02-23	4.003430000000009	2011-02-23 18:00:00
2011-02-24	5.003009999999989	2011-02-24 18:00:00
2011-02-25	4.002389999999991	2011-02-25 00:00:00
2011-02-26	14.001440000000002	2011-02-26 18:00:00
2011-02-28	8.000040000000013	2011-02-28 12:00:00
2011-03-01	6.002030000000005	2011-03-01 18:00:00
2011-03-02	5.001900000000006	2011-03-02 00:00:00
2011-03-03	4.0034299999999945	2011-03-03 12:00:00
2011-03-06	6.001749999999987	2011-03-06 12:00:00
2011-03-07	14.001540000000006	2011-03-07 12:00:00
2011-03-08	6.002299999999991	2011-03-08 06:00:00
2011-03-25	4.001270000000005	2011-03-25 18:00:00
2011-03-28	3.0001000000000033	2011-03-28 18:00:00
2011-11-02	4.001819999999995	2011-11-02 06:00:00
2011-11-04	4.002440000000007	2011-11-04 12:00:00
2011-11-05	6.0020199999999875	2011-11-05 18:00:00
2011-11-06	4.0024899999999946	2011-11-06 18:00:00
2011-11-08	5.000609999999995	2011-11-08 18:00:00
2011-11-09	15.00039000000001	2011-11-09 06:00:00
2011-11-10	3.0037299999999902	2011-11-10 12:00:00
2011-11-11	5.00206	2011-11-11 18:00:00
2011-11-12	6.003179999999986	2011-11-12 18:00:00
2011-11-18	10.001290000000012	2011-11-18 18:00:00
2011-11-29	3.002980000000008	2011-11-29 18:00:00
2011-11-30	1.0026300000000106	2011-11-30 00:00:00
2011-12-01	11.002370000000013	2011-12-01 18:00:00
2011-12-02	7.00188	2011-12-02 18:00:00
2011-12-03	12.001890000000003	2011-12-03 06:00:00
2011-12-05	5.00376	2011-12-05 12:00:00
2011-12-06	6.002700000000004	2011-12-06 18:00:00
2011-12-07	5.000830000000008	2011-12-07 00:00:00
2011-12-09	8.00130999999999	2011-12-09 12:00:00
2011-12-10	4.001350000000002	2011-12-10 06:00:00
2011-12-15	6.002910000000014	2011-12-15 18:00:00
2011-12-16	17.000820000000004	2011-12-16 18:00:00
2011-12-23	4.002659999999992	2011-12-23 06:00:00
2012-01-17	12.001379999999997	2012-01-17 12:00:00
2012-01-20	3.0025599999999883	2012-01-20 18:00:00
2012-01-21	4.002700000000004	2012-01-21 00:00:00
2012-02-02	6.00157999999999	2012-02-02 18:00:00
2012-02-04	5.000339999999994	2012-02-04 18:00:00
2012-02-08	3.005149999999986	2012-02-08 18:00:00
2012-02-09	4.005159999999989	2012-02-09 06:00:00
2012-02-11	11.001569999999987	2012-02-11 12:00:00
2012-02-12	9.000339999999994	2012-02-12 06:00:00
2012-02-14	4.002420000000029	2012-02-14 06:00:00
2012-03-01	3.0035000000000025	2012-03-01 18:00:00
2012-03-02	4.000570000000039	2012-03-02 00:00:00
2012-03-04	5.002079999999978	2012-03-04 18:00:00
2012-03-07	5.000159999999994	2012-03-07 06:00:00
2012-03-15	4.001249999999999	2012-03-15 18:00:00
2012-03-16	5.001630000000006	2012-03-16 12:00:00
2012-03-17	5.00157999999999	2012-03-17 00:00:00
2012-03-26	3.0021999999999878	2012-03-26 18:00:00
2012-03-27	5.003520000000009	2012-03-27 18:00:00
2012-11-12	7.0047600000000045	2012-11-12 12:00:00
2012-11-20	5.001630000000006	2012-11-20 12:00:00
2012-11-22	12.002700000000004	2012-11-22 18:00:00
2012-11-23	10.00345999999999	2012-11-23 12:00:00
2012-12-05	5.002980000000008	2012-12-05 18:00:00
2012-12-06	6.003520000000009	2012-12-06 00:00:00
2013-01-07	12.002769999999998	2013-01-07 12:00:00
2013-01-27	3.0000400000000127	2013-01-27 12:00:00
2013-01-28	3.000010000000003	2013-01-28 00:00:00
2013-01-29	4.004459999999995	2013-01-29 18:00:00
2013-01-30	7.001170000000002	2013-01-30 12:00:00
2013-01-31	6.002420000000001	2013-01-31 06:00:00
2013-02-04	4.006460000000004	2013-02-04 18:00:00
2013-02-05	4.001219999999989	2013-02-05 00:00:00
2013-02-09	6.001419999999996	2013-02-09 18:00:00
2013-02-15	3.0020700000000033	2013-02-15 06:00:00
2013-02-27	4.003160000000008	2013-02-27 18:00:00
2013-02-28	11.002559999999988	2013-02-28 18:00:00
2013-03-01	9.002440000000007	2013-03-01 18:00:00
2013-03-02	2.002350000000007	2013-03-02 06:00:00
2013-03-03	5.0022400000000005	2013-03-03 18:00:00
2013-03-04	4.00209000000001	2013-03-04 12:00:00
2013-03-14	4.001740000000012	2013-03-14 18:00:00
2013-03-15	4.001069999999999	2013-03-15 00:00:00
2013-03-17	7.002900000000011	2013-03-17 18:00:00
2013-03-18	6.002659999999992	2013-03-18 18:00:00
2013-03-19	5.002190000000013	2013-03-19 12:00:00
2013-03-20	7.001599999999996	2013-03-20 06:00:00
2013-03-21	3.002420000000029	2013-03-21 18:00:00
2013-03-22	4.001239999999996	2013-03-22 12:00:00
2013-03-25	3.0017400000000123	2013-03-25 18:00:00
2013-03-26	5.001720000000006	2013-03-26 12:00:00
2013-03-28	7.000159999999994	2013-03-28 18:00:00
2013-11-02	6.0031999999999925	2013-11-02 12:00:00
2013-11-04	6.003019999999992	2013-11-04 00:00:00
2013-11-23	15.000319999999988	2013-11-23 18:00:00
2013-11-24	6.0001900000000035	2013-11-24 12:00:00
2013-11-28	10.002070000000003	2013-11-28 12:00:00
2013-11-30	3.003219999999999	2013-11-30 06:00:00
2014-01-14	8.000369999999975	2014-01-14 00:00:00
2014-02-13	5.003559999999993	2014-02-13 18:00:00
2014-02-14	6.002749999999992	2014-02-14 12:00:00
2014-02-15	5.002960000000002	2014-02-15 18:00:00
2014-02-16	4.002510000000001	2014-02-16 18:00:00
2014-02-17	6.0029499999999985	2014-02-17 00:00:00
2014-02-24	4.00245000000001	2014-02-24 18:00:00
2014-02-25	4.002299999999991	2014-02-25 00:00:00
2014-02-26	3.0013199999999927	2014-02-26 00:00:00
2014-02-27	3.0013999999999896	2014-02-27 18:00:00
2014-02-28	4.001249999999999	2014-02-28 00:00:00
2014-03-01	3.002690000000001	2014-03-01 00:00:00
2014-03-03	3.0035900000000026	2014-03-03 18:00:00
2014-03-08	3.0020000000000095	2014-03-08 18:00:00
2014-03-09	4.002340000000004	2014-03-09 00:00:00
2014-03-11	3.0010699999999986	2014-03-11 12:00:00
2014-03-19	4.002829999999989	2014-03-19 18:00:00
2014-03-20	12.003089999999986	2014-03-20 18:00:00
2014-03-21	11.003160000000008	2014-03-21 00:00:00
2014-11-01	5.002739999999989	2014-11-01 18:00:00
2014-11-02	7.00139999999999	2014-11-02 18:00:00
2014-11-27	6.001419999999996	2014-11-27 18:00:00
2014-11-28	5.001050000000021	2014-11-28 06:00:00
2015-01-21	5.002700000000004	2015-01-21 18:00:00
2015-01-22	4.002399999999994	2015-01-22 18:00:00
2015-01-23	9.002160000000003	2015-01-23 18:00:00
2015-01-24	8.001589999999993	2015-01-24 12:00:00
2015-01-28	5.002960000000002	2015-01-28 18:00:00
2015-01-29	6.001599999999996	2015-01-29 18:00:00
2015-01-30	5.001479999999987	2015-01-30 06:00:00
2015-01-31	5.001740000000012	2015-01-31 06:00:00
2015-02-01	6.00488	2015-02-01 18:00:00
2015-02-04	10.002510000000001	2015-02-04 18:00:00
2015-02-05	6.001130000000003	2015-02-05 18:00:00
2015-02-06	6.0013899999999865	2015-02-06 00:00:00
2015-02-10	14.000079999999997	2015-02-10 00:00:00
2015-02-14	8.00055999999995	2015-02-14 18:00:00
2015-02-15	6.001470000000012	2015-02-15 18:00:00
2015-03-07	3.0018499999999904	2015-03-07 18:00:00
2015-03-12	3.001589999999993	2015-03-12 12:00:00
2015-03-13	4.000560000000007	2015-03-13 12:00:00
2015-03-23	4.003950000000003	2015-03-23 18:00:00
2015-03-24	3.001029999999986	2015-03-24 12:00:00
2015-03-25	4.002829999999989	2015-03-25 18:00:00
2015-11-05	11.002260000000007	2015-11-05 12:00:00
2015-11-06	3.002119999999991	2015-11-06 00:00:00
2015-11-09	10.003350000000012	2015-11-09 18:00:00
2015-11-11	3.0024200000000008	2015-11-11 06:00:00
2015-11-12	2.0047099999999887	2015-11-12 12:00:00
2015-11-17	10.003140000000002	2015-11-17 18:00:00
2015-11-18	16.00229999999999	2015-11-18 06:00:00
2015-11-21	5.00027	2015-11-21 18:00:00
2015-11-22	3.0004900000000134	2015-11-22 00:00:00
2015-11-23	5.0024899999999946	2015-11-23 18:00:00
2015-11-24	5.001029999999986	2015-11-24 12:00:00
2015-11-28	4.00381999999999	2015-11-28 18:00:00
2015-12-02	9.002579999999966	2015-12-02 18:00:00
2015-12-03	7.000840000000011	2015-12-03 00:00:00
2015-12-05	4.004349999999988	2015-12-05 18:00:00
2015-12-06	5.002470000000002	2015-12-06 18:00:00
2015-12-11	4.003469999999993	2015-12-11 18:00:00
2015-12-12	5.00269000000003	2015-12-12 18:00:00
2015-12-18	5.00184999999999	2015-12-18 18:00:00
2015-12-19	5.001550000000009	2015-12-19 06:00:00
2016-01-02	14.001139999999992	2016-01-02 18:00:00
2016-01-03	5.001360000000005	2016-01-03 06:00:00
2016-01-15	4.003999999999991	2016-01-15 18:00:00
2016-01-16	3.00403	2016-01-16 00:00:00
2016-01-28	6.001599999999996	2016-01-28 18:00:00
2016-01-29	6.000979999999998	2016-01-29 18:00:00
2016-01-30	6.002209999999991	2016-01-30 18:00:00
2016-02-02	4.001890000000003	2016-02-02 06:00:00
2016-02-03	15.000400000000013	2016-02-03 18:00:00
2016-02-04	4.005989999999997	2016-02-04 18:00:00
2016-02-06	6.00245000000001	2016-02-06 18:00:00
2016-02-07	3.0040799999999876	2016-02-07 18:00:00
2016-02-08	11.000689999999963	2016-02-08 00:00:00
2016-02-19	5.003170000000011	2016-02-19 12:00:00
2016-02-20	7.00046999999995	2016-02-20 18:00:00
2016-02-21	7.000360000000001	2016-02-21 18:00:00
2016-02-22	5.000619999999998	2016-02-22 06:00:00
2016-02-24	4.001740000000012	2016-02-24 06:00:00
2016-03-03	4.000460000000004	2016-03-03 18:00:00
2016-03-04	4.000370000000004	2016-03-04 00:00:00
2016-03-09	14.001689999999996	2016-03-09 06:00:00
2016-03-10	7.0013899999999865	2016-03-10 12:00:00
2016-03-16	4.002109999999988	2016-03-16 18:00:00
2016-03-17	6.001599999999996	2016-03-17 00:00:00
2016-03-23	3.0004900000000134	2016-03-23 18:00:00
2016-03-24	11.00318999999999	2016-03-24 18:00:00
2016-03-25	3.0033699999999897	2016-03-25 18:00:00
2016-03-26	3.0025500000000136	2016-03-26 18:00:00
2016-03-27	4.001380000000012	2016-03-27 06:00:00
2016-03-29	5.002640000000014	2016-03-29 18:00:00
2016-03-30	6.002170000000007	2016-03-30 06:00:00
2016-11-01	4.000280000000004	2016-11-01 06:00:00
2016-11-02	4.000700000000052	2016-11-02 18:00:00
2016-11-17	2.0025300000000072	2016-11-17 00:00:00
2016-11-21	7.002939999999995	2016-11-21 06:00:00
2016-11-23	5.0015300000000025	2016-11-23 18:00:00
2016-11-24	5.000949999999989	2016-11-24 12:00:00
2016-12-05	4.000010000000003	2016-12-05 06:00:00
2017-01-10	8.001850000000005	2017-01-10 00:00:00
2017-01-11	7.002039999999994	2017-01-11 18:00:00
2017-01-28	5.001830000000012	2017-01-28 18:00:00
2017-01-29	16.00084000000001	2017-01-29 18:00:00
2017-01-30	12.00036	2017-01-30 00:00:00
2017-02-02	15.000910000000005	2017-02-02 06:00:00
2017-02-10	4.002219999999994	2017-02-10 06:00:00
2017-02-25	10.000969999999995	2017-02-25 12:00:00
2017-03-12	4.000100000000003	2017-03-12 18:00:00
2017-03-17	8.001119999999986	2017-03-17 18:00:00
2017-03-18	7.003530000000012	2017-03-18 12:00:00
2017-03-20	6.000930000000011	2017-03-20 18:00:00
2017-03-25	17.000139999999988	2017-03-25 18:00:00
2017-03-26	6.001720000000006	2017-03-26 06:00:00
2017-03-28	5.00254000000001	2017-03-28 18:00:00
2017-03-29	4.000979999999998	2017-03-29 00:00:00
2017-03-31	10.003719999999987	2017-03-31 18:00:00
2017-11-05	5.002289999999988	2017-11-05 18:00:00
2017-11-06	6.002499999999998	2017-11-06 12:00:00
2017-11-08	6.002119999999991	2017-11-08 18:00:00
2017-11-09	5.0013899999999865	2017-11-09 18:00:00
2017-11-10	4.000850000000014	2017-11-10 00:00:00
2017-11-18	5.003150000000005	2017-11-18 00:00:00
2017-11-28	4.002579999999995	2017-11-28 18:00:00
2017-11-29	4.001620000000003	2017-11-29 06:00:00
2017-12-03	9.001869999999997	2017-12-03 00:00:00
2017-12-04	3.000010000000003	2017-12-04 06:00:00
2017-12-09	5.000339999999994	2017-12-09 06:00:00
2017-12-20	4.000580000000014	2017-12-20 18:00:00
2017-12-21	3.0015999999999963	2017-12-21 00:00:00
2017-12-23	6.003119999999996	2017-12-23 18:00:00
2018-01-08	3.00206	2018-01-08 18:00:00
2018-01-09	4.001610000000028	2018-01-09 06:00:00
2018-01-11	4.002679999999998	2018-01-11 06:00:00
2018-01-27	4.00030000000001	2018-01-27 18:00:00
2018-02-01	3.0000400000000127	2018-02-01 18:00:00
2018-02-02	5.0001900000000035	2018-02-02 06:00:00
2018-02-06	7.0024899999999946	2018-02-06 18:00:00
2018-02-10	5.002370000000013	2018-02-10 06:00:00
2018-02-11	11.003420000000006	2018-02-11 06:00:00
2018-02-14	6.002280000000013	2018-02-14 18:00:00
2018-02-21	3.0031100000000066	2018-02-21 18:00:00
2018-02-22	4.001360000000005	2018-02-22 06:00:00
2018-02-23	5.0034200000000055	2018-02-23 18:00:00
2018-02-24	4.002430000000004	2018-02-24 18:00:00
2018-02-25	15.000679999999988	2018-02-25 00:00:00
2018-02-28	13.000059999999962	2018-02-28 18:00:00
2018-03-01	8.001599999999996	2018-03-01 00:00:00
2018-03-11	7.00018	2018-03-11 18:00:00
2018-03-12	11.001280000000008	2018-03-12 18:00:00
2018-03-13	6.001299999999986	2018-03-13 00:00:00
2018-03-14	4.0014500000000055	2018-03-14 06:00:00
2018-03-21	6.002479999999991	2018-03-21 18:00:00
2018-03-24	6.002299999999991	2018-03-24 18:00:00
2018-03-25	5.001959999999997	2018-03-25 18:00:00
2018-03-26	5.0047600000000045	2018-03-26 18:00:00
2018-03-27	5.000969999999995	2018-03-27 00:00:00
2018-03-28	10.000509999999963	2018-03-28 18:00:00
2018-03-29	2.002280000000013	2018-03-29 18:00:00
2018-03-30	6.000979999999998	2018-03-30 18:00:00
2018-11-01	17.00108	2018-11-01 12:00:00
2018-11-03	6.002109999999988	2018-11-03 18:00:00
2018-11-04	7.001650000000012	2018-11-04 18:00:00
2018-11-11	5.003520000000009	2018-11-11 18:00:00
2018-11-12	5.00354999999999	2018-11-12 00:00:00
2018-11-16	11.001380000000012	2018-11-16 00:00:00
2018-11-18	8.001269999999977	2018-11-18 12:00:00
2018-11-23	1.0008300000000077	2018-11-23 00:00:00
2018-11-28	13.003690000000006	2018-11-28 18:00:00
2018-11-29	6.000859999999989	2018-11-29 18:00:00
2018-12-01	7.004710000000003	2018-12-01 18:00:00
2018-12-02	7.002739999999989	2018-12-02 12:00:00
2018-12-05	11.003150000000005	2018-12-05 18:00:00
2018-12-06	7.003099999999989	2018-12-06 06:00:00
2018-12-12	4.001929999999987	2018-12-12 18:00:00
2018-12-14	7.004009999999994	2018-12-14 06:00:00
2018-12-15	5.00367	2018-12-15 00:00:00
2018-12-19	12.00224	2018-12-19 18:00:00
2018-12-24	11.001509999999996	2018-12-24 18:00:00
2018-12-30	4.001710000000003	2018-12-30 00:00:00
2019-01-04	4.000100000000003	2019-01-04 18:00:00
2019-01-05	4.000200000000007	2019-01-05 00:00:00
2019-01-24	5.002409999999998	2019-01-24 12:00:00
2019-02-02	2.005490000000009	2019-02-02 18:00:00
2019-02-04	3.002600000000001	2019-02-04 18:00:00
2019-02-05	5.002679999999998	2019-02-05 18:00:00
2019-02-06	2.0008599999999888	2019-02-06 00:00:00
2019-02-19	3.0028000000000077	2019-02-19 18:00:00
2019-03-01	4.002430000000004	2019-03-01 18:00:00
2019-03-04	5.000730000000004	2019-03-04 12:00:00
2019-03-13	4.003880000000009	2019-03-13 18:00:00
2019-03-14	4.00376	2019-03-14 18:00:00
2019-03-15	3.0037299999999902	2019-03-15 12:00:00
2019-03-25	5.000650000000007	2019-03-25 00:00:00
2019-03-29	6.00381999999999	2019-03-29 12:00:00
2019-11-01	4.000200000000007	2019-11-01 06:00:00
2019-11-09	3.0020900000000097	2019-11-09 18:00:00
2019-11-10	7.001689999999996	2019-11-10 18:00:00
2019-11-11	4.002319999999997	2019-11-11 18:00:00
2019-11-12	4.001779999999997	2019-11-12 18:00:00
2019-11-15	4.002759999999995	2019-11-15 12:00:00
2019-11-18	11.001869999999997	2019-11-18 00:00:00
2019-11-23	12.00242	2019-11-23 18:00:00
2019-11-24	6.001769999999993	2019-11-24 18:00:00
2019-11-25	4.002119999999991	2019-11-25 00:00:00
2019-11-26	12.002510000000001	2019-11-26 18:00:00
2019-11-27	4.003079999999997	2019-11-27 00:00:00
2019-12-06	3.0059599999999875	2019-12-06 00:00:00
2020-01-01	6.002810000000011	2020-01-01 18:00:00
2020-01-02	4.002630000000011	2020-01-02 06:00:00
2020-01-07	6.001589999999993	2020-01-07 12:00:00
2020-01-08	5.000850000000014	2020-01-08 18:00:00
2020-01-09	4.000460000000004	2020-01-09 00:00:00
2020-01-26	6.000130000000013	2020-01-26 06:00:00
2020-01-28	6.000540000000001	2020-01-28 12:00:00
2020-01-29	7.000290000000007	2020-01-29 12:00:00
2020-02-01	4.001839999999987	2020-02-01 18:00:00
2020-02-02	4.00148999999999	2020-02-02 06:00:00
2020-02-05	6.002910000000014	2020-02-05 18:00:00
2020-02-06	5.003240000000005	2020-02-06 18:00:00
2020-02-08	6.002330000000029	2020-02-08 12:00:00
2020-02-09	7.001689999999996	2020-02-09 12:00:00
2020-02-10	3.001550000000009	2020-02-10 18:00:00
2020-02-14	6.001630000000006	2020-02-14 18:00:00
2020-02-15	5.000360000000001	2020-02-15 12:00:00
2020-03-04	4.001509999999996	2020-03-04 06:00:00
2020-03-06	4.0035799999999995	2020-03-06 12:00:00
2020-03-13	12.000580000000014	2020-03-13 18:00:00
2020-03-14	13.000400000000013	2020-03-14 06:00:00
2020-03-15	4.002520000000004	2020-03-15 00:00:00
2020-11-03	6.0005199999999945	2020-11-03 00:00:00
2020-11-04	5.000990000000002	2020-11-04 18:00:00
2020-11-05	12.00048000000001	2020-11-05 12:00:00
2020-11-06	5.002379999999988	2020-11-06 18:00:00
2020-11-07	8.002099999999984	2020-11-07 18:00:00
2020-11-10	4.003080000000011	2020-11-10 18:00:00
2020-11-11	6.001730000000009	2020-11-11 18:00:00
2020-11-12	5.000699999999995	2020-11-12 00:00:00
2020-11-18	8.002970000000005	2020-11-18 12:00:00
2020-11-21	12.001509999999996	2020-11-21 18:00:00
2020-11-27	5.002980000000008	2020-11-27 18:00:00
2020-11-28	3.0035000000000025	2020-11-28 00:00:00
2020-12-04	6.001800000000003	2020-12-04 06:00:00
2020-12-10	7.001249999999999	2020-12-10 18:00:00
2020-12-11	7.001020000000011	2020-12-11 18:00:00
2020-12-12	19.000349999999997	2020-12-12 18:00:00
2020-12-21	5.002730000000014	2020-12-21 18:00:00
2020-12-22	9.000740000000008	2020-12-22 18:00:00
2020-12-23	6.0020800000000065	2020-12-23 18:00:00
2020-12-24	6.002730000000014	2020-12-24 06:00:00
2020-12-26	2.0027800000000013	2020-12-26 12:00:00
2021-01-02	7.001360000000005	2021-01-02 18:00:00
2021-01-03	6.000529999999998	2021-01-03 00:00:00
2021-01-05	3.001039999999989	2021-01-05 12:00:00
2021-01-11	12.001159999999999	2021-01-11 18:00:00
2021-01-13	3.002520000000004	2021-01-13 18:00:00
2021-01-20	6.000920000000008	2021-01-20 18:00:00
2021-01-21	6.0001100000000065	2021-01-21 12:00:00
2021-01-30	1.0056100000000043	2021-01-30 06:00:00
2021-01-31	6.005359999999996	2021-01-31 06:00:00
2021-02-01	6.003510000000006	2021-02-01 00:00:00
2021-02-06	4.001409999999993	2021-02-06 18:00:00
2021-02-07	5.002829999999989	2021-02-07 12:00:00
2021-02-09	5.002690000000001	2021-02-09 06:00:00
2021-02-10	4.002550000000014	2021-02-10 18:00:00
2021-02-11	5.002289999999988	2021-02-11 18:00:00
2021-02-15	5.0042100000000005	2021-02-15 18:00:00
2021-02-16	13.000470000000007	2021-02-16 18:00:00
2021-02-18	7.000710000000026	2021-02-18 18:00:00
2021-02-19	4.000490000000013	2021-02-19 00:00:00
2021-02-20	5.001650000000012	2021-02-20 12:00:00
2021-02-26	4.005560000000003	2021-02-26 18:00:00
2021-02-27	4.007429999999999	2021-02-27 18:00:00
2021-02-28	4.00412	2021-02-28 06:00:00
2021-03-02	3.0014899999999898	2021-03-02 00:00:00
2021-03-04	7.001260000000002	2021-03-04 00:00:00
2021-03-05	6.002960000000002	2021-03-05 06:00:00
2021-03-06	8.001490000000004	2021-03-06 12:00:00
2021-03-12	5.004099999999994	2021-03-12 00:00:00
2021-03-15	5.000890000000027	2021-03-15 18:00:00
2021-03-17	3.003070000000008	2021-03-17 06:00:00
2021-03-27	5.0035000000000025	2021-03-27 18:00:00
2021-03-30	8.00054	2021-03-30 06:00:00
2021-03-31	7.002990000000011	2021-03-31 18:00:00
2021-11-01	10.001640000000009	2021-11-01 18:00:00
2021-11-02	5.001239999999996	2021-11-02 00:00:00
2021-11-03	9.000400000000013	2021-11-03 06:00:00
2021-11-10	4.002049999999997	2021-11-10 06:00:00
2021-11-11	5.001110000000011	2021-11-11 18:00:00
2021-11-12	10.000470000000007	2021-11-12 06:00:00
2021-11-13	7.000799999999998	2021-11-13 18:00:00
2021-11-14	15.000429999999994	2021-11-14 06:00:00
2021-11-16	12.002460000000013	2021-11-16 18:00:00
2021-11-17	4.00397000000001	2021-11-17 00:00:00
2021-11-28	10.000040000000013	2021-11-28 18:00:00
2021-12-01	4.002389999999991	2021-12-01 00:00:00
2021-12-02	13.000869999999964	2021-12-02 18:00:00
2021-12-03	4.003089999999986	2021-12-03 18:00:00
2021-12-04	3.003060000000005	2021-12-04 00:00:00
2021-12-08	4.00166999999999	2021-12-08 18:00:00
2021-12-09	3.0010699999999986	2021-12-09 06:00:00
2021-12-12	7.001170000000002	2021-12-12 06:00:00
2021-12-14	5.003620000000012	2021-12-14 12:00:00
2021-12-17	6.004549999999995	2021-12-17 18:00:00
2021-12-18	7.002880000000005	2021-12-18 18:00:00
2021-12-19	8.001620000000003	2021-12-19 00:00:00
2021-12-29	5.000959999999964	2021-12-29 12:00:00
2022-01-03	4.003709999999998	2022-01-03 06:00:00
2022-01-10	14.001779999999997	2022-01-10 18:00:00
2022-01-17	4.0024600000000135	2022-01-17 18:00:00
2022-01-18	5.002720000000011	2022-01-18 00:00:00
2022-01-19	5.003320000000002	2022-01-19 18:00:00
2022-01-20	6.002340000000004	2022-01-20 18:00:00
2022-01-21	7.001509999999996	2022-01-21 18:00:00
2022-01-22	15.000439999999998	2022-01-22 18:00:00
2022-01-23	5.000720000000001	2022-01-23 18:00:00
2022-01-25	6.000100000000003	2022-01-25 06:00:00
2022-01-26	4.003720000000001	2022-01-26 12:00:00
2022-01-30	6.00166999999999	2022-01-30 18:00:00
2022-01-31	5.00157999999999	2022-01-31 12:00:00
2022-02-05	5.0008200000000045	2022-02-05 18:00:00
2022-02-08	6.000659999999982	2022-02-08 18:00:00
2022-02-09	3.000720000000001	2022-02-09 00:00:00
2022-02-20	4.00394	2022-02-20 18:00:00
2022-02-21	5.003449999999987	2022-02-21 06:00:00
2022-02-23	4.001509999999996	2022-02-23 18:00:00
2022-03-03	8.001100000000008	2022-03-03 18:00:00
2022-03-11	5.0014500000000055	2022-03-11 06:00:00
2022-03-12	9.00421	2022-03-12 12:00:00
2022-03-19	5.001820000000009	2022-03-19 18:00:00
2022-03-20	6.0013099999999895	2022-03-20 18:00:00
2022-03-21	5.004279999999994	2022-03-21 12:00:00
2022-03-24	3.003219999999999	2022-03-24 00:00:00
2022-03-25	4.0026499999999885	2022-03-25 12:00:00
2022-03-26	4.001659999999987	2022-03-26 12:00:00
2022-03-29	11.003379999999993	2022-03-29 00:00:00
2022-03-30	14.003359999999986	2022-03-30 00:00:00
2022-03-31	5.000139999999988	2022-03-31 12:00:00
2022-11-02	10.002900000000011	2022-11-02 18:00:00
2022-11-03	5.002820000000014	2022-11-03 06:00:00
2022-11-05	4.002990000000011	2022-11-05 18:00:00
2022-11-06	6.003299999999996	2022-11-06 18:00:00
2022-11-07	7.000960000000006	2022-11-07 06:00:00
2022-11-12	14.002190000000013	2022-11-12 18:00:00
2022-11-13	7.001119999999986	2022-11-13 12:00:00
2022-11-15	16.000580000000014	2022-11-15 00:00:00
2022-11-18	4.004250000000013	2022-11-18 18:00:00
2022-11-19	3.0040600000000097	2022-11-19 00:00:00
2022-11-21	6.003749999999997	2022-11-21 18:00:00
2022-11-22	5.002990000000011	2022-11-22 00:00:00
2022-11-24	4.002049999999997	2022-11-24 18:00:00
2022-11-25	5.001280000000008	2022-11-25 06:00:00
2022-11-27	16.00197	2022-11-27 18:00:00
2022-11-28	8.00193999999999	2022-11-28 18:00:00
2022-12-17	5.000720000000001	2022-12-17 12:00:00
2022-12-19	5.001740000000012	2022-12-19 12:00:00
2022-12-20	5.005130000000008	2022-12-20 18:00:00
2022-12-21	5.002669999999995	2022-12-21 18:00:00
2022-12-22	13.000640000000004	2022-12-22 18:00:00
